unique_key,created_date,closed_date,agency,agency_name,complaint_type,descriptor,incident_zip,incident_address,street_name,cross_street_1,cross_street_2,address_type,city,status,resolution_description,resolution_action_updated_date,community_board,bbl,borough,x_coordinate_state_plane,y_coordinate_state_plane,open_data_channel_type,park_facility_name,park_borough,latitude,longitude,location,intersection_street_1,intersection_street_2,facility_type,due_date
51143675,2021-07-08T16:04:00.000,2021-07-09T10:30:00.000,DEP,Department of Environmental Protection,Sewer,Street Flooding (SJ),10471,6485 BROADWAY,BROADWAY,DAVID SHERIDAN PLZA,W 259 ST,ADDRESS,BRONX,Closed,"The Department of Environment Protection inspected your complaint but could not find the problem you reported. If the condition persists, please call 311 (or 212-639-9675 if calling from a non-New York City area code) with more detailed information to submit a new complaint.",2021-07-09T10:30:00.000,08 BRONX,2058560378,BRONX,1012872,269139,ONLINE,Unspecified,BRONX,40.905351378307486,-73.89645716668805,"{'latitude': '40.905351378307486', 'longitude': '-73.89645716668805', 'human_address': '{""address"": """", ""city"": """", ""state"": """", ""zip"": """"}'}",,,,
51145094,2021-07-08T16:00:00.000,2021-07-08T20:45:00.000,DEP,Department of Environmental Protection,Sewer,Street Flooding (SJ),10034,200 NAGLE AVENUE,NAGLE AVENUE,,,ADDRESS,NEW YORK,Closed,"The Department of Environment Protection inspected your complaint but could not find the problem you reported. If the condition persists, please call 311 (or 212-639-9675 if calling from a non-New York City area code) with more detailed information to submit a new complaint.",2021-07-08T20:45:00.000,12 MANHATTAN,1022170035,MANHATTAN,1005446,253374,ONLINE,Unspecified,MANHATTAN,40.86210236351487,-73.9233713087911,"{'latitude': '40.86210236351487', 'longitude': '-73.9233713087911', 'human_address': '{""address"": """", ""city"": """", ""state"": """", ""zip"": """"}'}",,,,
51146482,2021-07-08T21:04:00.000,,DEP,Department of Environmental Protection,Sewer,Street Flooding (SJ),11236,1035 EAST  102 STREET,EAST  102 STREET,AVENUE J,AVENUE K,ADDRESS,BROOKLYN,Open,,,18 BROOKLYN,3082290026,BROOKLYN,1013591,173827,ONLINE,Unspecified,BROOKLYN,40.6437429889248,-73.89427228300471,"{'latitude': '40.6437429889248', 'longitude': '-73.89427228300471', 'human_address': '{""address"": """", ""city"": """", ""state"": """", ""zip"": """"}'}",,,,
51148924,2021-07-08T17:04:00.000,2021-07-09T07:44:00.000,DEP,Department of Environmental Protection,Sewer,Street Flooding (SJ),10471,,,,,INTERSECTION,BRONX,Closed,"The Department of Environmental Protection has determined that this issue was previously reported by another customer The original complaint is being addressed. If the condition persists, please call 311 (or 212-639-9675 if calling from a non-New York City area code) to submit a new complaint.",2021-07-09T07:44:00.000,08 BRONX,,BRONX,1011350,267454,ONLINE,Unspecified,BRONX,40.900731405929164,-73.901969964742,"{'latitude': '40.900731405929164', 'longitude': '-73.901969964742', 'human_address': '{""address"": """", ""city"": """", ""state"": """", ""zip"": """"}'}",FIELDSTON ROAD,WEST 253 STREET,,
51139519,2021-07-08T16:44:00.000,2021-07-09T17:15:00.000,DEP,Department of Environmental Protection,Sewer,Street Flooding (SJ),11432,172-39 HIGHLAND AVENUE,HIGHLAND AVENUE,KINGSTON PL,AVA PL,ADDRESS,Jamaica,Closed,"The Department of Environment Protection inspected your complaint but could not find the problem you reported. If the condition persists, please call 311 (or 212-639-9675 if calling from a non-New York City area code) with more detailed information to submit a new complaint.",2021-07-09T17:15:00.000,08 QUEENS,4098827501,QUEENS,1042509,199250,PHONE,Unspecified,QUEENS,40.71338015366497,-73.78984933362548,"{'latitude': '40.71338015366497', 'longitude': '-73.78984933362548', 'human_address': '{""address"": """", ""city"": """", ""state"": """", ""zip"": """"}'}",,,,
51140850,2021-07-08T18:02:00.000,2021-07-09T03:15:00.000,DEP,Department of Environmental Protection,Sewer,Street Flooding (SJ),10030,101 EDGECOMBE AVENUE,EDGECOMBE AVENUE,W 139 ST,W 140 ST,ADDRESS,NEW YORK,Closed,The Department of Environmental Protection investigated this complaint and referred it to another agency or utility for further action.,2021-07-09T03:15:00.000,10 MANHATTAN,1020480021,MANHATTAN,999216,237971,PHONE,Unspecified,MANHATTAN,40.8198383891247,-73.94592863911315,"{'latitude': '40.8198383891247', 'longitude': '-73.94592863911315', 'human_address': '{""address"": """", ""city"": """", ""state"": """", ""zip"": """"}'}",,,,
51144795,2021-07-08T17:01:00.000,,DEP,Department of Environmental Protection,Sewer,Street Flooding (SJ),11358,,,,,INTERSECTION,Flushing,Open,,,11 QUEENS,,QUEENS,1043750,213991,ONLINE,Unspecified,QUEENS,40.7538321915861,-73.78524247944887,"{'latitude': '40.7538321915861', 'longitude': '-73.78524247944887', 'human_address': '{""address"": """", ""city"": """", ""state"": """", ""zip"": """"}'}",46 AVENUE,196 STREET,,
51140818,2021-07-08T16:14:00.000,,DEP,Department of Environmental Protection,Sewer,Street Flooding (SJ),10460,,,,,INTERSECTION,BRONX,Open,,,11 BRONX,,BRONX,1019944,246472,ONLINE,Unspecified,BRONX,40.843111729894126,-73.87099432352781,"{'latitude': '40.843111729894126', 'longitude': '-73.87099432352781', 'human_address': '{""address"": """", ""city"": """", ""state"": """", ""zip"": """"}'}",MELVILLE STREET,MORRIS PARK AVENUE,,
51143525,2021-07-08T16:07:00.000,2021-07-08T16:07:00.000,DEP,Department of Environmental Protection,Sewer,Street Flooding (SJ),10463,3800 BLACKSTONE AVENUE,BLACKSTONE AVENUE,W 238 ST,W 239 ST,ADDRESS,BRONX,Closed,"The Department of Environmental Protection has determined that this issue was previously reported by another customer The original complaint is being addressed. If the condition persists, please call 311 (or 212-639-9675 if calling from a non-New York City area code) to submit a new complaint.",2021-07-08T16:07:00.000,08 BRONX,2059047501,BRONX,1008716,263264,ONLINE,Unspecified,BRONX,40.88923889237729,-73.91151335381694,"{'latitude': '40.88923889237729', 'longitude': '-73.91151335381694', 'human_address': '{""address"": """", ""city"": """", ""state"": """", ""zip"": """"}'}",,,,
51148895,2021-07-08T15:49:00.000,2021-07-09T09:30:00.000,DEP,Department of Environmental Protection,Sewer,Street Flooding (SJ),10456,777 EAST  169 STREET,EAST  169 STREET,TINTON AVE,UNION AVE,ADDRESS,BRONX,Closed,The Department of Environmental Protection investigated this complaint and resolved the street flooding.,2021-07-09T09:30:00.000,03 BRONX,2029610010,BRONX,1012071,241911,PHONE,Unspecified,BRONX,40.83062142871432,-73.8994679031595,"{'latitude': '40.83062142871432', 'longitude': '-73.8994679031595', 'human_address': '{""address"": """", ""city"": """", ""state"": """", ""zip"": """"}'}",,,,
51141014,2021-07-08T15:57:00.000,,DEP,Department of Environmental Protection,Sewer,Street Flooding (SJ),10457,675 EAST  179 STREET,EAST  179 STREET,BELMONT AVE,CROTONA AVE,ADDRESS,BRONX,Open,,,06 BRONX,2030800172,BRONX,1014547,247905,ONLINE,Unspecified,BRONX,40.84706505747409,-73.89049372802535,"{'latitude': '40.84706505747409', 'longitude': '-73.89049372802535', 'human_address': '{""address"": """", ""city"": """", ""state"": """", ""zip"": """"}'}",,,,
51141015,2021-07-08T15:44:00.000,2021-07-09T08:45:00.000,DEP,Department of Environmental Protection,Sewer,Street Flooding (SJ),10456,1124 COLLEGE AVENUE,COLLEGE AVENUE,E 166 ST,E 167 ST,ADDRESS,BRONX,Closed,The Department of Environmental Protection investigated this complaint and resolved the street flooding.,2021-07-09T08:45:00.000,04 BRONX,2024340009,BRONX,1007923,242014,ONLINE,Unspecified,BRONX,40.83091622619485,-73.91445646350272,"{'latitude': '40.83091622619485', 'longitude': '-73.91445646350272', 'human_address': '{""address"": """", ""city"": """", ""state"": """", ""zip"": """"}'}",,,,
51146251,2021-07-08T16:18:00.000,,DEP,Department of Environmental Protection,Sewer,Street Flooding (SJ),11419,135-02 LIBERTY AVENUE,LIBERTY AVENUE,135 ST,VAN WYCK EXPRESSWAY SR W,ADDRESS,South Richmond Hill,Open,,,10 QUEENS,4095890001,QUEENS,1036464,191323,PHONE,Unspecified,QUEENS,40.69166018869148,-73.81171612307237,"{'latitude': '40.69166018869148', 'longitude': '-73.81171612307237', 'human_address': '{""address"": """", ""city"": """", ""state"": """", ""zip"": """"}'}",,,,
51133646,2021-07-07T11:12:00.000,,DEP,Department of Environmental Protection,Sewer,Street Flooding (SJ),10314,255 AUBURN AVENUE,AUBURN AVENUE,CAMBRIDGE AVE,DEAD END,ADDRESS,STATEN ISLAND,Open,,,01 STATEN ISLAND,5015070001,STATEN ISLAND,942467,162531,ONLINE,Unspecified,STATEN ISLAND,40.61268793492727,-74.15049136697777,"{'latitude': '40.61268793492727', 'longitude': '-74.15049136697777', 'human_address': '{""address"": """", ""city"": """", ""state"": """", ""zip"": """"}'}",,,,
51136819,2021-07-07T07:51:00.000,,DEP,Department of Environmental Protection,Sewer,Street Flooding (SJ),10314,118 AUBURN AVENUE,AUBURN AVENUE,BRYSON AVE,STEWART AVE,ADDRESS,STATEN ISLAND,Open,,,01 STATEN ISLAND,5004850029,STATEN ISLAND,943811,162242,ONLINE,Unspecified,STATEN ISLAND,40.61190092630226,-74.14564891112677,"{'latitude': '40.61190092630226', 'longitude': '-74.14564891112677', 'human_address': '{""address"": """", ""city"": """", ""state"": """", ""zip"": """"}'}",,,,
51139719,2021-07-08T15:12:00.000,,DEP,Department of Environmental Protection,Sewer,Street Flooding (SJ),10305,753 QUINCY AVENUE,QUINCY AVENUE,SEAVER AVE,IONA ST,ADDRESS,STATEN ISLAND,Open,,,02 STATEN ISLAND,5038260015,STATEN ISLAND,960864,149333,PHONE,Unspecified,STATEN ISLAND,40.576529751013474,-74.08418458891498,"{'latitude': '40.576529751013474', 'longitude': '-74.08418458891498', 'human_address': '{""address"": """", ""city"": """", ""state"": """", ""zip"": """"}'}",,,,
51150294,2021-07-09T10:05:00.000,,DEP,Department of Environmental Protection,Sewer,Street Flooding (SJ),11101,,,,,INTERSECTION,Long Island City,Open,,,01 QUEENS,,QUEENS,1005388,214673,ONLINE,Unspecified,QUEENS,40.75587903345326,-73.92370285735407,"{'latitude': '40.75587903345326', 'longitude': '-73.92370285735407', 'human_address': '{""address"": """", ""city"": """", ""state"": """", ""zip"": """"}'}",37 STREET,35 AVENUE,,
51150340,2021-07-09T06:17:00.000,,DEP,Department of Environmental Protection,Sewer,Street Flooding (SJ),10307,,,,,INTERSECTION,STATEN ISLAND,Open,,,03 STATEN ISLAND,,STATEN ISLAND,917455,128355,PHONE,Unspecified,STATEN ISLAND,40.518728557929215,-74.24024005099798,"{'latitude': '40.518728557929215', 'longitude': '-74.24024005099798', 'human_address': '{""address"": """", ""city"": """", ""state"": """", ""zip"": """"}'}",ARTHUR KILL ROAD,NASSAU PLACE,,
51150295,2021-07-09T09:02:00.000,,DEP,Department of Environmental Protection,Sewer,Street Flooding (SJ),11218,3923 15 AVENUE,15 AVENUE,39 ST,40 ST,ADDRESS,BROOKLYN,Open,,,12 BROOKLYN,3053650001,BROOKLYN,989230,171640,ONLINE,Unspecified,BROOKLYN,40.63778734431553,-73.9820566131159,"{'latitude': '40.63778734431553', 'longitude': '-73.9820566131159', 'human_address': '{""address"": """", ""city"": """", ""state"": """", ""zip"": """"}'}",,,,
51157241,2021-07-09T09:12:00.000,,DEP,Department of Environmental Protection,Sewer,Street Flooding (SJ),11416,94-16 78 STREET,78 STREET,ATLANTIC AVE,95 AVE,ADDRESS,Ozone Park,Open,,,09 QUEENS,4090020013,QUEENS,1022678,188494,PHONE,Unspecified,QUEENS,40.6839658384056,-73.8614445280681,"{'latitude': '40.6839658384056', 'longitude': '-73.8614445280681', 'human_address': '{""address"": """", ""city"": """", ""state"": """", ""zip"": """"}'}",,,,
51157301,2021-07-09T09:18:00.000,,DEP,Department of Environmental Protection,Sewer,Street Flooding (SJ),10458,,,,,INTERSECTION,BRONX,Open,,,07 BRONX,,BRONX,1016648,258585,PHONE,Unspecified,BRONX,40.87637095180376,-73.88284820118412,"{'latitude': '40.87637095180376', 'longitude': '-73.88284820118412', 'human_address': '{""address"": """", ""city"": """", ""state"": """", ""zip"": """"}'}",MOSHOLU PARKWAY,VAN CORTLANDT AVENUE EAST,,
51153028,2021-07-09T11:14:00.000,,DEP,Department of Environmental Protection,Sewer,Street Flooding (SJ),11422,255-10 149 AVENUE,149 AVENUE,WELLER LN,257 ST,ADDRESS,Rosedale,Open,,,13 QUEENS,4136690007,QUEENS,1058064,177284,PHONE,Unspecified,QUEENS,40.65297266875289,-73.73398059128417,"{'latitude': '40.65297266875289', 'longitude': '-73.73398059128417', 'human_address': '{""address"": """", ""city"": """", ""state"": """", ""zip"": """"}'}",,,,
51159990,2021-07-09T17:57:00.000,,DEP,Department of Environmental Protection,Sewer,Street Flooding (SJ),10306,19 MAPLETON AVENUE,MAPLETON AVENUE,GRIMSBY ST,FREEBORN ST,ADDRESS,STATEN ISLAND,Open,,,02 STATEN ISLAND,5037960001,STATEN ISLAND,958480,148615,ONLINE,Unspecified,STATEN ISLAND,40.57455237383933,-74.0927637348707,"{'latitude': '40.57455237383933', 'longitude': '-74.0927637348707', 'human_address': '{""address"": """", ""city"": """", ""state"": """", ""zip"": """"}'}",,,,
51158444,2021-07-09T12:52:00.000,,DEP,Department of Environmental Protection,Sewer,Street Flooding (SJ),10306,126 FOX LANE,FOX LANE,CEDAR GROVE AVE,HETT AVE,ADDRESS,STATEN ISLAND,Open,,,03 STATEN ISLAND,5047810033,STATEN ISLAND,952602,140579,ONLINE,Unspecified,STATEN ISLAND,40.55247609242258,-74.11388502004796,"{'latitude': '40.55247609242258', 'longitude': '-74.11388502004796', 'human_address': '{""address"": """", ""city"": """", ""state"": """", ""zip"": """"}'}",,,,
51157242,2021-07-09T07:56:00.000,,DEP,Department of Environmental Protection,Sewer,Street Flooding (SJ),11414,78-02 149 AVENUE,149 AVENUE,LORING AVE,79 ST,ADDRESS,Howard Beach,Open,,,10 QUEENS,4114100072,QUEENS,1023991,182901,ONLINE,Unspecified,QUEENS,40.66860853774504,-73.85674338104985,"{'latitude': '40.66860853774504', 'longitude': '-73.85674338104985', 'human_address': '{""address"": """", ""city"": """", ""state"": """", ""zip"": """"}'}",,,,
51153029,2021-07-09T10:37:00.000,,DEP,Department of Environmental Protection,Sewer,Street Flooding (SJ),11429,105-07 227 STREET,227 STREET,105 AVE,106 AVE,ADDRESS,Queens Village,Open,,,13 QUEENS,4111770016,QUEENS,1059507,197750,PHONE,Unspecified,QUEENS,40.70913477257084,-73.72855161287002,"{'latitude': '40.70913477257084', 'longitude': '-73.72855161287002', 'human_address': '{""address"": """", ""city"": """", ""state"": """", ""zip"": """"}'}",,,,
51154352,2021-07-09T09:22:00.000,,DEP,Department of Environmental Protection,Sewer,Street Flooding (SJ),10451,340 MORRIS AVENUE,MORRIS AVENUE,E 140 ST,E 142 ST,ADDRESS,BRONX,Open,,,01 BRONX,2023250001,BRONX,1004947,235745,ONLINE,Unspecified,BRONX,40.81371707692478,-73.9252297147797,"{'latitude': '40.81371707692478', 'longitude': '-73.9252297147797', 'human_address': '{""address"": """", ""city"": """", ""state"": """", ""zip"": """"}'}",,,,
51151608,2021-07-09T08:55:00.000,,DEP,Department of Environmental Protection,Sewer,Street Flooding (SJ),11218,852 CONEY ISLAND AVENUE,CONEY ISLAND AVENUE,DORCHESTER RD,DITMAS AVE,ADDRESS,BROOKLYN,Open,,,12 BROOKLYN,3053930045,BROOKLYN,993110,171261,ONLINE,Unspecified,BROOKLYN,40.63674403887982,-73.96807712356006,"{'latitude': '40.63674403887982', 'longitude': '-73.96807712356006', 'human_address': '{""address"": """", ""city"": """", ""state"": """", ""zip"": """"}'}",,,,
51154266,2021-07-09T11:02:00.000,,DEP,Department of Environmental Protection,Sewer,Street Flooding (SJ),11106,,,,,INTERSECTION,Astoria,Open,,,01 QUEENS,,QUEENS,1002539,217202,ONLINE,Unspecified,QUEENS,40.76282684097441,-73.93397937562771,"{'latitude': '40.76282684097441', 'longitude': '-73.93397937562771', 'human_address': '{""address"": """", ""city"": """", ""state"": """", ""zip"": """"}'}",34 AVENUE,21 STREET,,
51155591,2021-07-09T22:14:00.000,,DEP,Department of Environmental Protection,Sewer,Street Flooding (SJ),11429,,,,,INTERSECTION,Queens Village,Open,,,13 QUEENS,,QUEENS,1054896,197906,ONLINE,Unspecified,QUEENS,40.709600971291515,-73.74518153485039,"{'latitude': '40.709600971291515', 'longitude': '-73.74518153485039', 'human_address': '{""address"": """", ""city"": """", ""state"": """", ""zip"": """"}'}",HOLLIS AVENUE,212 PLACE,,
51128091,2021-07-07T20:23:00.000,,DEP,Department of Environmental Protection,Sewer,Street Flooding (SJ),10305,300 ST MARYS AVENUE,ST MARYS AVENUE,FLETCHER ST,REYNOLDS ST,ADDRESS,STATEN ISLAND,Open,,,01 STATEN ISLAND,5029880034,STATEN ISLAND,963019,162159,ONLINE,Unspecified,STATEN ISLAND,40.61173995092477,-74.07646735931692,"{'latitude': '40.61173995092477', 'longitude': '-74.07646735931692', 'human_address': '{""address"": """", ""city"": """", ""state"": """", ""zip"": """"}'}",,,,
51128165,2021-07-07T16:17:00.000,2021-07-08T11:12:00.000,DEP,Department of Environmental Protection,Sewer,Street Flooding (SJ),11411,,,,,INTERSECTION,Cambria Heights,Closed,"The Department of Environmental Protection has determined that this issue was previously reported by another customer The original complaint is being addressed. If the condition persists, please call 311 (or 212-639-9675 if calling from a non-New York City area code) to submit a new complaint.",2021-07-08T11:12:00.000,13 QUEENS,,QUEENS,1059967,189127,PHONE,Unspecified,QUEENS,40.685462834999726,-73.7269893619851,"{'latitude': '40.685462834999726', 'longitude': '-73.7269893619851', 'human_address': '{""address"": """", ""city"": """", ""state"": """", ""zip"": """"}'}",238 STREET,120 AVENUE,,
51128168,2021-07-07T08:40:00.000,2021-07-07T10:21:00.000,DEP,Department of Environmental Protection,Sewer,Street Flooding (SJ),10305,BEVERLY ROAD,BEVERLY ROAD,STEUBEN STREET,ALLENDALE ROAD,BLOCKFACE,STATEN ISLAND,Closed,"The Department of Environmental Protection has determined that this issue was previously reported by another customer The original complaint is being addressed. If the condition persists, please call 311 (or 212-639-9675 if calling from a non-New York City area code) to submit a new complaint.",2021-07-07T10:21:00.000,02 STATEN ISLAND,,STATEN ISLAND,962581,158096,PHONE,Unspecified,STATEN ISLAND,40.60058679013093,-74.07803186052551,"{'latitude': '40.60058679013093', 'longitude': '-74.07803186052551', 'human_address': '{""address"": """", ""city"": """", ""state"": """", ""zip"": """"}'}",,,,
51129506,2021-07-07T00:10:00.000,2021-07-07T16:40:00.000,DEP,Department of Environmental Protection,Sewer,Street Flooding (SJ),10306,297 ADAMS AVENUE,ADAMS AVENUE,BOUNDARY AVE,HAVEN AVE,ADDRESS,STATEN ISLAND,Closed,"The Department of Environmental Protection has determined that this issue was previously reported by another customer The original complaint is being addressed. If the condition persists, please call 311 (or 212-639-9675 if calling from a non-New York City area code) to submit a new complaint.",2021-07-07T16:40:00.000,02 STATEN ISLAND,5036710029,STATEN ISLAND,956897,150382,PHONE,Unspecified,STATEN ISLAND,40.57939769566762,-74.09846917256571,"{'latitude': '40.57939769566762', 'longitude': '-74.09846917256571', 'human_address': '{""address"": """", ""city"": """", ""state"": """", ""zip"": """"}'}",,,,
51130825,2021-07-07T07:44:00.000,2021-07-07T10:20:00.000,DEP,Department of Environmental Protection,Sewer,Street Flooding (SJ),10305,159 BEVERLY ROAD,BEVERLY ROAD,STEUBEN ST,ALLENDALE RD,ADDRESS,STATEN ISLAND,Closed,"The Department of Environmental Protection has determined that this issue was previously reported by another customer The original complaint is being addressed. If the condition persists, please call 311 (or 212-639-9675 if calling from a non-New York City area code) to submit a new complaint.",2021-07-07T10:20:00.000,02 STATEN ISLAND,5032280055,STATEN ISLAND,962511,158105,ONLINE,Unspecified,STATEN ISLAND,40.60061132186444,-74.07828396514286,"{'latitude': '40.60061132186444', 'longitude': '-74.07828396514286', 'human_address': '{""address"": """", ""city"": """", ""state"": """", ""zip"": """"}'}",,,,
51132260,2021-07-07T10:15:00.000,,DEP,Department of Environmental Protection,Sewer,Street Flooding (SJ),10306,398 STOBE AVENUE,STOBE AVENUE,LACONIA AVE,MASON AVE,ADDRESS,STATEN ISLAND,Open,,,02 STATEN ISLAND,5036820077,STATEN ISLAND,958175,150329,PHONE,Unspecified,STATEN ISLAND,40.57925607231387,-74.09386824775605,"{'latitude': '40.57925607231387', 'longitude': '-74.09386824775605', 'human_address': '{""address"": """", ""city"": """", ""state"": """", ""zip"": """"}'}",,,,
51138063,2021-07-07T11:00:00.000,2021-07-07T14:15:00.000,DEP,Department of Environmental Protection,Sewer,Street Flooding (SJ),11101,10-16 50 AVENUE,50 AVENUE,VERNON BLVD,JACKSON AVE,ADDRESS,Long Island City,Closed,"The Department of Environment Protection inspected your complaint but could not find the problem you reported. If the condition persists, please call 311 (or 212-639-9675 if calling from a non-New York City area code) with more detailed information to submit a new complaint.",2021-07-07T14:15:00.000,02 QUEENS,4000410012,QUEENS,997164,209824,ONLINE,Unspecified,QUEENS,40.7425855886476,-73.95339650735528,"{'latitude': '40.7425855886476', 'longitude': '-73.95339650735528', 'human_address': '{""address"": """", ""city"": """", ""state"": """", ""zip"": """"}'}",,,,
51138064,2021-07-07T08:15:00.000,2021-07-09T15:30:00.000,DEP,Department of Environmental Protection,Sewer,Street Flooding (SJ),11427,201-36 EPSOM COURSE,EPSOM COURSE,FRANCIS LEWIS BLVD,GRND CNTRL PKWY EB MCLAUGHLI  EB,ADDRESS,Queens Village,Closed,The Department of Environmental Protection investigated this complaint and resolved the street flooding.,2021-07-09T15:30:00.000,08 QUEENS,4105990060,QUEENS,1049635,203621,ONLINE,Unspecified,QUEENS,40.72532766011019,-73.76410223039991,"{'latitude': '40.72532766011019', 'longitude': '-73.76410223039991', 'human_address': '{""address"": """", ""city"": """", ""state"": """", ""zip"": """"}'}",,,,
51138066,2021-07-07T05:17:00.000,,DEP,Department of Environmental Protection,Sewer,Street Flooding (SJ),10305,753 QUINCY AVENUE,QUINCY AVENUE,SEAVER AVE,IONA ST,ADDRESS,STATEN ISLAND,Open,,,02 STATEN ISLAND,5038260015,STATEN ISLAND,960864,149333,PHONE,Unspecified,STATEN ISLAND,40.576529751013474,-74.08418458891498,"{'latitude': '40.576529751013474', 'longitude': '-74.08418458891498', 'human_address': '{""address"": """", ""city"": """", ""state"": """", ""zip"": """"}'}",,,,
51139508,2021-07-08T19:00:00.000,2021-07-09T06:10:00.000,DEP,Department of Environmental Protection,Sewer,Street Flooding (SJ),11423,,,,,INTERSECTION,Hollis,Closed,The Department of Environmental Protection has investigated this complaint and found that debris was obstructing the catch basin.,2021-07-09T06:10:00.000,12 QUEENS,,QUEENS,1045804,198422,PHONE,Unspecified,QUEENS,40.71108518748019,-73.77797129729991,"{'latitude': '40.71108518748019', 'longitude': '-73.77797129729991', 'human_address': '{""address"": """", ""city"": """", ""state"": """", ""zip"": """"}'}",90 AVENUE,183 STREET,,
51139510,2021-07-08T18:02:00.000,,DEP,Department of Environmental Protection,Sewer,Street Flooding (SJ),10467,2727 MATTHEWS AVENUE,MATTHEWS AVENUE,ALLERTON AVE,ARNOW AVE,ADDRESS,BRONX,Open,,,11 BRONX,2045130050,BRONX,1022262,254843,ONLINE,Unspecified,BRONX,40.86607792730873,-73.86256912766218,"{'latitude': '40.86607792730873', 'longitude': '-73.86256912766218', 'human_address': '{""address"": """", ""city"": """", ""state"": """", ""zip"": """"}'}",,,,
51159638,2021-07-09T08:36:00.000,2021-07-09T12:20:00.000,DEP,Department of Environmental Protection,Sewer,Street Flooding (SJ),11206,466 MARCY AVENUE,MARCY AVENUE,HOPKINS ST,ELLERY ST,ADDRESS,BROOKLYN,Closed,The Department of Environmental Protection investigated this complaint and resolved the street flooding.,2021-07-09T12:20:00.000,03 BROOKLYN,3017190001,BROOKLYN,998128,193954,ONLINE,Unspecified,BROOKLYN,40.69902481406677,-73.94995038836552,"{'latitude': '40.69902481406677', 'longitude': '-73.94995038836552', 'human_address': '{""address"": """", ""city"": """", ""state"": """", ""zip"": """"}'}",,,,
51139525,2021-07-08T08:17:00.000,2021-07-09T12:50:00.000,DEP,Department of Environmental Protection,Sewer,Street Flooding (SJ),11693,,,,,INTERSECTION,Far Rockaway,Closed,"The Department of Environment Protection inspected your complaint but could not find the problem you reported. If the condition persists, please call 311 (or 212-639-9675 if calling from a non-New York City area code) with more detailed information to submit a new complaint.",2021-07-09T12:50:00.000,14 QUEENS,,QUEENS,1037269,154270,PHONE,Unspecified,QUEENS,40.589953112977234,-73.8091044743307,"{'latitude': '40.589953112977234', 'longitude': '-73.8091044743307', 'human_address': '{""address"": """", ""city"": """", ""state"": """", ""zip"": """"}'}",BEACH CHANNEL DRIVE,BEACH 83 STREET,,
51139527,2021-07-08T17:53:00.000,,DEP,Department of Environmental Protection,Sewer,Street Flooding (SJ),10460,1460 SOUTHERN BOULEVARD,SOUTHERN BOULEVARD,JENNINGS ST,E 172 ST,ADDRESS,BRONX,Open,,,03 BRONX,2029810001,BRONX,1014537,242654,PHONE,Unspecified,BRONX,40.832652636518,-73.8905535855681,"{'latitude': '40.832652636518', 'longitude': '-73.8905535855681', 'human_address': '{""address"": """", ""city"": """", ""state"": """", ""zip"": """"}'}",,,,
51139717,2021-07-08T18:53:00.000,2021-07-08T21:20:00.000,DEP,Department of Environmental Protection,Sewer,Street Flooding (SJ),10039,2987 8 AVENUE,8 AVENUE,HARLEM RIVER DRIVE SERVICE RD W,HARLEM RIVER DRIVE SERVICE RD W,ADDRESS,NEW YORK,Closed,"The Department of Environment Protection inspected your complaint but could not find the problem you reported. If the condition persists, please call 311 (or 212-639-9675 if calling from a non-New York City area code) with more detailed information to submit a new complaint.",2021-07-08T21:20:00.000,10 MANHATTAN,1021060050,MANHATTAN,1001924,241941,ONLINE,Unspecified,MANHATTAN,40.830729904331186,-73.93613432501654,"{'latitude': '40.830729904331186', 'longitude': '-73.93613432501654', 'human_address': '{""address"": """", ""city"": """", ""state"": """", ""zip"": """"}'}",,,,
51139718,2021-07-08T18:22:00.000,2021-07-09T07:00:00.000,DEP,Department of Environmental Protection,Sewer,Street Flooding (SJ),11433,111-36 177 STREET,177 STREET,BEND,112 AVE,ADDRESS,Jamaica,Closed,"The Department of Environment Protection inspected your complaint but could not find the problem you reported. If the condition persists, please call 311 (or 212-639-9675 if calling from a non-New York City area code) with more detailed information to submit a new complaint.",2021-07-09T07:00:00.000,12 QUEENS,4102930022,QUEENS,1046645,192948,PHONE,Unspecified,QUEENS,40.69605450230529,-73.77498849580633,"{'latitude': '40.69605450230529', 'longitude': '-73.77498849580633', 'human_address': '{""address"": """", ""city"": """", ""state"": """", ""zip"": """"}'}",,,,
51140814,2021-07-08T17:08:00.000,,DEP,Department of Environmental Protection,Sewer,Street Flooding (SJ),10314,159 SHERADEN AVENUE,SHERADEN AVENUE,S GANNON AVE,WESTWOOD AVE,ADDRESS,STATEN ISLAND,Open,,,02 STATEN ISLAND,5007790075,STATEN ISLAND,945932,160523,ONLINE,Unspecified,STATEN ISLAND,40.60719205591575,-74.13799997701587,"{'latitude': '40.60719205591575', 'longitude': '-74.13799997701587', 'human_address': '{""address"": """", ""city"": """", ""state"": """", ""zip"": """"}'}",,,,
51141017,2021-07-08T17:59:00.000,,DEP,Department of Environmental Protection,Sewer,Street Flooding (SJ),11106,18-46 34 AVENUE,34 AVENUE,14 ST,LT PARAMEDIC EDITH TORRES WAY,ADDRESS,Astoria,Open,,,01 QUEENS,,QUEENS,1002384,217294,ONLINE,Unspecified,QUEENS,40.763079676499515,-73.93453865464424,"{'latitude': '40.763079676499515', 'longitude': '-73.93453865464424', 'human_address': '{""address"": """", ""city"": """", ""state"": """", ""zip"": """"}'}",,,,
51141018,2021-07-08T17:37:00.000,,DEP,Department of Environmental Protection,Sewer,Street Flooding (SJ),10469,1140 BURKE AVENUE,BURKE AVENUE,YATES AVE,HERING AVE,ADDRESS,BRONX,Open,,,11 BRONX,2045810001,BRONX,1024692,256709,ONLINE,Unspecified,BRONX,40.87118872282676,-73.85377231329426,"{'latitude': '40.87118872282676', 'longitude': '-73.85377231329426', 'human_address': '{""address"": """", ""city"": """", ""state"": """", ""zip"": """"}'}",,,,
51142054,2021-07-08T19:37:00.000,2021-07-08T22:16:00.000,DEP,Department of Environmental Protection,Sewer,Street Flooding (SJ),11413,,,,,INTERSECTION,Springfield Gardens,Closed,"The Department of Environmental Protection has determined that this issue was previously reported by another customer The original complaint is being addressed. If the condition persists, please call 311 (or 212-639-9675 if calling from a non-New York City area code) to submit a new complaint.",2021-07-08T22:16:00.000,13 QUEENS,,QUEENS,1052006,179885,ONLINE,Unspecified,QUEENS,40.660160240098804,-73.7557868591976,"{'latitude': '40.660160240098804', 'longitude': '-73.7557868591976', 'human_address': '{""address"": """", ""city"": """", ""state"": """", ""zip"": """"}'}",146 AVENUE,225 STREET,,
51142055,2021-07-08T16:00:00.000,2021-07-08T16:00:00.000,DEP,Department of Environmental Protection,Sewer,Street Flooding (SJ),10034,198 NAGLE AVENUE,NAGLE AVENUE,,,ADDRESS,NEW YORK,Closed,"The Department of Environmental Protection has determined that this issue was previously reported by another customer The original complaint is being addressed. If the condition persists, please call 311 (or 212-639-9675 if calling from a non-New York City area code) to submit a new complaint.",2021-07-08T16:00:00.000,12 MANHATTAN,1022170039,MANHATTAN,1005433,253367,PHONE,Unspecified,MANHATTAN,40.862083181837846,-73.92341832905083,"{'latitude': '40.862083181837846', 'longitude': '-73.92341832905083', 'human_address': '{""address"": """", ""city"": """", ""state"": """", ""zip"": """"}'}",,,,
51142061,2021-07-08T09:28:00.000,2021-07-08T11:00:00.000,DEP,Department of Environmental Protection,Sewer,Street Flooding (SJ),11102,30-42 31 STREET,31 STREET,30 AVE,30 DR,ADDRESS,Astoria,Closed,"The Department of Environment Protection inspected your complaint but could not find the problem you reported. If the condition persists, please call 311 (or 212-639-9675 if calling from a non-New York City area code) with more detailed information to submit a new complaint.",2021-07-08T11:00:00.000,01 QUEENS,4005930043,QUEENS,1005805,218333,PHONE,Unspecified,QUEENS,40.765923783348434,-73.92218597061309,"{'latitude': '40.765923783348434', 'longitude': '-73.92218597061309', 'human_address': '{""address"": """", ""city"": """", ""state"": """", ""zip"": """"}'}",,,,
51142062,2021-07-08T19:16:00.000,2021-07-09T07:50:00.000,DEP,Department of Environmental Protection,Sewer,Street Flooding (SJ),10467,769 ASTOR AVENUE,ASTOR AVENUE,HOLLAND AVE,WALLACE AVE,ADDRESS,BRONX,Closed,"The Department of Environmental Protection has determined that this issue was previously reported by another customer The original complaint is being addressed. If the condition persists, please call 311 (or 212-639-9675 if calling from a non-New York City area code) to submit a new complaint.",2021-07-09T07:50:00.000,11 BRONX,2043480005,BRONX,1021622,252486,ONLINE,Unspecified,BRONX,40.859611414726764,-73.86489616164597,"{'latitude': '40.859611414726764', 'longitude': '-73.86489616164597', 'human_address': '{""address"": """", ""city"": """", ""state"": """", ""zip"": """"}'}",,,,
51142276,2021-07-08T22:06:00.000,2021-07-08T22:20:00.000,DEP,Department of Environmental Protection,Sewer,Street Flooding (SJ),10065,200 EAST   65 STREET,EAST   65 STREET,3 AVE,2 AVE,ADDRESS,NEW YORK,Closed,"The Department of Environment Protection inspected your complaint but could not find the problem you reported. If the condition persists, please call 311 (or 212-639-9675 if calling from a non-New York City area code) with more detailed information to submit a new complaint.",2021-07-08T22:20:00.000,08 MANHATTAN,1014197502,MANHATTAN,994357,218048,PHONE,Unspecified,MANHATTAN,40.7651620323398,-73.9635139262716,"{'latitude': '40.7651620323398', 'longitude': '-73.9635139262716', 'human_address': '{""address"": """", ""city"": """", ""state"": """", ""zip"": """"}'}",,,,
51142277,2021-07-08T18:18:00.000,2021-07-09T01:50:00.000,DEP,Department of Environmental Protection,Sewer,Street Flooding (SJ),10463,3240 RIVERDALE AVENUE,RIVERDALE AVENUE,W 232 ST,GREYSTONE AVE,ADDRESS,BRONX,Closed,The Department of Environmental Protection investigated this complaint and resolved the street flooding.,2021-07-09T01:50:00.000,08 BRONX,2057590364,BRONX,1009709,261121,ONLINE,Unspecified,BRONX,40.88335422397661,-73.90793010084775,"{'latitude': '40.88335422397661', 'longitude': '-73.90793010084775', 'human_address': '{""address"": """", ""city"": """", ""state"": """", ""zip"": """"}'}",,,,
51142278,2021-07-08T18:12:00.000,2021-07-09T09:45:00.000,DEP,Department of Environmental Protection,Sewer,Street Flooding (SJ),11429,112-16 COLFAX STREET,COLFAX STREET,112 AVE,112 RD,ADDRESS,Queens Village,Closed,"The Department of Environment Protection inspected your complaint but could not find the problem you reported. If the condition persists, please call 311 (or 212-639-9675 if calling from a non-New York City area code) with more detailed information to submit a new complaint.",2021-07-09T09:45:00.000,13 QUEENS,4109860028,QUEENS,1054586,196180,ONLINE,Unspecified,QUEENS,40.70486599865971,-73.7463177207711,"{'latitude': '40.70486599865971', 'longitude': '-73.7463177207711', 'human_address': '{""address"": """", ""city"": """", ""state"": """", ""zip"": """"}'}",,,,
51142279,2021-07-08T16:08:00.000,,DEP,Department of Environmental Protection,Sewer,Street Flooding (SJ),11223,2318 EAST    3 STREET,EAST    3 STREET,GRAVESEND NECK RD,AVENUE W,ADDRESS,BROOKLYN,Open,,,15 BROOKLYN,3071540038,BROOKLYN,993143,155539,PHONE,Unspecified,BROOKLYN,40.59359037097733,-73.9679789306735,"{'latitude': '40.59359037097733', 'longitude': '-73.9679789306735', 'human_address': '{""address"": """", ""city"": """", ""state"": """", ""zip"": """"}'}",,,,
51142281,2021-07-08T17:20:00.000,2021-07-09T06:00:00.000,DEP,Department of Environmental Protection,Sewer,Street Flooding (SJ),10014,64 DOWNING STREET,DOWNING STREET,BEDFORD ST,VARICK ST,ADDRESS,NEW YORK,Closed,"The Department of Environment Protection inspected your complaint but could not find the problem you reported. If the condition persists, please call 311 (or 212-639-9675 if calling from a non-New York City area code) with more detailed information to submit a new complaint.",2021-07-09T06:00:00.000,02 MANHATTAN,1005280024,MANHATTAN,982890,204847,ONLINE,Unspecified,MANHATTAN,40.72893427636095,-74.00490690437448,"{'latitude': '40.72893427636095', 'longitude': '-74.00490690437448', 'human_address': '{""address"": """", ""city"": """", ""state"": """", ""zip"": """"}'}",,,,
51142395,2021-07-08T16:54:00.000,2021-07-09T01:30:00.000,DEP,Department of Environmental Protection,Sewer,Street Flooding (SJ),11203,706 TROY AVENUE,TROY AVENUE,CLARKSON AVE,LENOX RD,ADDRESS,BROOKLYN,Closed,The Department of Environmental Protection investigated this complaint and resolved the street flooding.,2021-07-09T01:30:00.000,17 BROOKLYN,3048480007,BROOKLYN,1001821,178300,ONLINE,Unspecified,BROOKLYN,40.65605157152562,-73.9366727723967,"{'latitude': '40.65605157152562', 'longitude': '-73.9366727723967', 'human_address': '{""address"": """", ""city"": """", ""state"": """", ""zip"": """"}'}",,,,
51142396,2021-07-08T16:35:00.000,2021-07-08T21:15:00.000,DEP,Department of Environmental Protection,Sewer,Street Flooding (SJ),10034,152 SHERMAN AVENUE,SHERMAN AVENUE,ACADEMY ST,W 204 ST,ADDRESS,NEW YORK,Closed,"The Department of Environment Protection inspected your complaint but could not find the problem you reported. If the condition persists, please call 311 (or 212-639-9675 if calling from a non-New York City area code) with more detailed information to submit a new complaint.",2021-07-08T21:15:00.000,12 MANHATTAN,1022250038,MANHATTAN,1005496,254294,ONLINE,Unspecified,MANHATTAN,40.86462736420933,-73.92318763020528,"{'latitude': '40.86462736420933', 'longitude': '-73.92318763020528', 'human_address': '{""address"": """", ""city"": """", ""state"": """", ""zip"": """"}'}",,,,
51143565,2021-07-08T12:50:00.000,2021-07-09T05:50:00.000,DEP,Department of Environmental Protection,Sewer,Street Flooding (SJ),10014,224 WEST    4 STREET,WEST    4 STREET,7 AVE S,W 10 ST,ADDRESS,NEW YORK,Closed,The Department of Environmental Protection investigated this complaint and resolved the street flooding.,2021-07-09T05:50:00.000,02 MANHATTAN,1006190074,MANHATTAN,983445,206693,PHONE,Unspecified,MANHATTAN,40.7340011617027,-74.0029046752847,"{'latitude': '40.7340011617027', 'longitude': '-74.0029046752847', 'human_address': '{""address"": """", ""city"": """", ""state"": """", ""zip"": """"}'}",,,,
51143567,2021-07-08T15:56:00.000,2021-07-08T20:15:00.000,DEP,Department of Environmental Protection,Sewer,Street Flooding (SJ),10031,737 ST NICHOLAS AVENUE,ST NICHOLAS AVENUE,W 146 ST,W 147 ST,ADDRESS,NEW YORK,Closed,"The Department of Environment Protection inspected your complaint but could not find the problem you reported. If the condition persists, please call 311 (or 212-639-9675 if calling from a non-New York City area code) with more detailed information to submit a new complaint.",2021-07-08T20:15:00.000,09 MANHATTAN,1020610035,MANHATTAN,999767,239920,ONLINE,Unspecified,MANHATTAN,40.8251868906121,-73.94393339899808,"{'latitude': '40.8251868906121', 'longitude': '-73.94393339899808', 'human_address': '{""address"": """", ""city"": """", ""state"": """", ""zip"": """"}'}",,,,
51143591,2021-07-08T18:34:00.000,2021-07-09T19:15:00.000,DEP,Department of Environmental Protection,Sewer,Street Flooding (SJ),10464,596 CITY ISLAND AVENUE,CITY ISLAND AVENUE,CROSS ST,BEND,ADDRESS,BRONX,Closed,The Department of Environmental Protection investigated this complaint and resolved the street flooding.,2021-07-09T19:15:00.000,10 BRONX,2056350078,BRONX,1042131,250639,ONLINE,Unspecified,BRONX,40.85443132526191,-73.79077008009236,"{'latitude': '40.85443132526191', 'longitude': '-73.79077008009236', 'human_address': '{""address"": """", ""city"": """", ""state"": """", ""zip"": """"}'}",,,,
51143592,2021-07-08T18:12:00.000,,DEP,Department of Environmental Protection,Sewer,Street Flooding (SJ),11106,34-00 21 STREET,21 STREET,LT PARAMEDIC EDITH TORRES WAY,35 AVE,ADDRESS,Astoria,Open,,,01 QUEENS,4005230040,QUEENS,1002528,217192,ONLINE,Unspecified,QUEENS,40.76279941630506,-73.93401911119993,"{'latitude': '40.76279941630506', 'longitude': '-73.93401911119993', 'human_address': '{""address"": """", ""city"": """", ""state"": """", ""zip"": """"}'}",,,,
51143663,2021-07-08T18:15:00.000,2021-07-08T18:15:00.000,DEP,Department of Environmental Protection,Sewer,Street Flooding (SJ),10033,2420 AMSTERDAM AVENUE,AMSTERDAM AVENUE,W 180 ST,CBE SB ENTRANCE AMSTERDAM AVE,ADDRESS,NEW YORK,Closed,"The Department of Environmental Protection has determined that this issue was previously reported by another customer The original complaint is being addressed. If the condition persists, please call 311 (or 212-639-9675 if calling from a non-New York City area code) to submit a new complaint.",2021-07-08T18:15:00.000,12 MANHATTAN,1021520083,MANHATTAN,1003253,248071,ONLINE,Unspecified,MANHATTAN,40.84755220737575,-73.93131456588488,"{'latitude': '40.84755220737575', 'longitude': '-73.93131456588488', 'human_address': '{""address"": """", ""city"": """", ""state"": """", ""zip"": """"}'}",,,,
51143664,2021-07-08T16:57:00.000,2021-07-08T18:05:00.000,DEP,Department of Environmental Protection,Sewer,Street Flooding (SJ),11207,457 BELMONT AVENUE,BELMONT AVENUE,WYONA ST,BRADFORD ST,ADDRESS,BROOKLYN,Closed,"The Department of Environment Protection inspected your complaint but could not find the problem you reported. If the condition persists, please call 311 (or 212-639-9675 if calling from a non-New York City area code) with more detailed information to submit a new complaint.",2021-07-08T18:05:00.000,05 BROOKLYN,3037410001,BROOKLYN,1014049,183785,ONLINE,Unspecified,BROOKLYN,40.671073963900874,-73.89257791817995,"{'latitude': '40.671073963900874', 'longitude': '-73.89257791817995', 'human_address': '{""address"": """", ""city"": """", ""state"": """", ""zip"": """"}'}",,,,
51143665,2021-07-08T16:14:00.000,2021-07-09T12:15:00.000,DEP,Department of Environmental Protection,Sewer,Street Flooding (SJ),10451,707 CONCOURSE VILLAGE WEST,CONCOURSE VILLAGE WEST,E 153 ST,E 156 ST,ADDRESS,BRONX,Closed,The Department of Environmental Protection investigated this complaint and resolved the street flooding.,2021-07-09T12:15:00.000,04 BRONX,2024580049,BRONX,1005259,238728,ONLINE,Unspecified,BRONX,40.82190383432384,-73.92409324133556,"{'latitude': '40.82190383432384', 'longitude': '-73.92409324133556', 'human_address': '{""address"": """", ""city"": """", ""state"": """", ""zip"": """"}'}",,,,
51144792,2021-07-08T17:40:00.000,2021-07-08T17:40:00.000,DEP,Department of Environmental Protection,Sewer,Street Flooding (SJ),10461,1817 TENBROECK AVENUE,TENBROECK AVENUE,LAKEWOOD PL,RHINELANDER AVE,ADDRESS,BRONX,Closed,"The Department of Environmental Protection has determined that this issue was previously reported by another customer The original complaint is being addressed. If the condition persists, please call 311 (or 212-639-9675 if calling from a non-New York City area code) to submit a new complaint.",2021-07-08T17:40:00.000,11 BRONX,2042020024,BRONX,1025832,249883,ONLINE,Unspecified,BRONX,40.852448142203215,-73.84969272956666,"{'latitude': '40.852448142203215', 'longitude': '-73.84969272956666', 'human_address': '{""address"": """", ""city"": """", ""state"": """", ""zip"": """"}'}",,,,
51144793,2021-07-08T18:47:00.000,2021-07-09T10:15:00.000,DEP,Department of Environmental Protection,Sewer,Street Flooding (SJ),11411,227-17 114 DRIVE,114 DRIVE,227 ST,228 ST,ADDRESS,Cambria Heights,Closed,"The Department of Environmental Protection inspected your complaint and referred it to the Department of Transportation for further action. If the problem persists, please call 311 (or 212-639-9675 if calling from a non-New York City area code) to submit a new complaint.",2021-07-09T10:15:00.000,13 QUEENS,4112550138,QUEENS,1059051,194481,ONLINE,Unspecified,QUEENS,40.7001660461601,-73.73023268477779,"{'latitude': '40.7001660461601', 'longitude': '-73.73023268477779', 'human_address': '{""address"": """", ""city"": """", ""state"": """", ""zip"": """"}'}",,,,
51144794,2021-07-08T18:25:00.000,2021-07-09T10:25:00.000,DEP,Department of Environmental Protection,Sewer,Street Flooding (SJ),11416,97-01 82 STREET,82 STREET,97 AVE,101 AVE,ADDRESS,Ozone Park,Closed,"The Department of Environment Protection inspected your complaint but could not find the problem you reported. If the condition persists, please call 311 (or 212-639-9675 if calling from a non-New York City area code) with more detailed information to submit a new complaint.",2021-07-09T10:25:00.000,09 QUEENS,4090530066,QUEENS,1023708,187982,ONLINE,Unspecified,QUEENS,40.68255598527102,-73.85773377875617,"{'latitude': '40.68255598527102', 'longitude': '-73.85773377875617', 'human_address': '{""address"": """", ""city"": """", ""state"": """", ""zip"": """"}'}",,,,
51144890,2021-07-08T13:09:00.000,2021-07-08T13:09:00.000,DEP,Department of Environmental Protection,Sewer,Street Flooding (SJ),10032,,,,,INTERSECTION,NEW YORK,Closed,"The Department of Environmental Protection has determined that this issue was previously reported by another customer The original complaint is being addressed. If the condition persists, please call 311 (or 212-639-9675 if calling from a non-New York City area code) to submit a new complaint.",2021-07-08T13:09:00.000,12 MANHATTAN,,MANHATTAN,1000162,242490,PHONE,Unspecified,MANHATTAN,40.832240101564395,-73.94250007526574,"{'latitude': '40.832240101564395', 'longitude': '-73.94250007526574', 'human_address': '{""address"": """", ""city"": """", ""state"": """", ""zip"": """"}'}",AMSTERDAM AVENUE,WEST 156 STREET,,
51144962,2021-07-08T12:03:00.000,2021-07-08T13:00:00.000,DEP,Department of Environmental Protection,Sewer,Street Flooding (SJ),11365,69-17 167 STREET,167 STREET,69 AVE,JEWEL AVE,ADDRESS,Fresh Meadows,Closed,"The Department of Environment Protection inspected your complaint but could not find the problem you reported. If the condition persists, please call 311 (or 212-639-9675 if calling from a non-New York City area code) with more detailed information to submit a new complaint.",2021-07-08T13:00:00.000,08 QUEENS,4069360044,QUEENS,1039074,206250,ONLINE,Unspecified,QUEENS,40.73261536272007,-73.80218293005836,"{'latitude': '40.73261536272007', 'longitude': '-73.80218293005836', 'human_address': '{""address"": """", ""city"": """", ""state"": """", ""zip"": """"}'}",,,,
51145092,2021-07-08T18:41:00.000,2021-07-09T11:40:00.000,DEP,Department of Environmental Protection,Sewer,Street Flooding (SJ),11434,177-72 MEADOW DRIVE,MEADOW DRIVE,BROADWAY,DEAD END,ADDRESS,Jamaica,Closed,"The Department of Environment Protection inspected your complaint but could not find the problem you reported. If the condition persists, please call 311 (or 212-639-9675 if calling from a non-New York City area code) with more detailed information to submit a new complaint.",2021-07-09T11:40:00.000,13 QUEENS,4133120101,QUEENS,1048363,182018,PHONE,Unspecified,QUEENS,40.666041960298685,-73.76889698893243,"{'latitude': '40.666041960298685', 'longitude': '-73.76889698893243', 'human_address': '{""address"": """", ""city"": """", ""state"": """", ""zip"": """"}'}",,,,
51145093,2021-07-08T18:05:00.000,2021-07-09T19:40:00.000,DEP,Department of Environmental Protection,Sewer,Street Flooding (SJ),10464,340 CITY ISLAND AVENUE,CITY ISLAND AVENUE,BAY ST,TIER ST,ADDRESS,BRONX,Closed,The Department of Environmental Protection investigated this complaint and resolved the street flooding.,2021-07-09T19:40:00.000,10 BRONX,2056440080,BRONX,1043230,248354,ONLINE,Unspecified,BRONX,40.84815242305432,-73.78681750028362,"{'latitude': '40.84815242305432', 'longitude': '-73.78681750028362', 'human_address': '{""address"": """", ""city"": """", ""state"": """", ""zip"": """"}'}",,,,
51146181,2021-07-08T12:19:00.000,2021-07-08T13:20:00.000,DEP,Department of Environmental Protection,Sewer,Street Flooding (SJ),10001,,,,,INTERSECTION,NEW YORK,Closed,"The Department of Environment Protection inspected your complaint but could not find the problem you reported. If the condition persists, please call 311 (or 212-639-9675 if calling from a non-New York City area code) with more detailed information to submit a new complaint.",2021-07-08T13:20:00.000,05 MANHATTAN,,MANHATTAN,987639,212445,PHONE,Unspecified,MANHATTAN,40.74978835571634,-73.98776859948752,"{'latitude': '40.74978835571634', 'longitude': '-73.98776859948752', 'human_address': '{""address"": """", ""city"": """", ""state"": """", ""zip"": """"}'}",6 AVENUE,WEST 34 STREET,,
51146249,2021-07-08T16:48:00.000,2021-07-08T21:15:00.000,DEP,Department of Environmental Protection,Sewer,Street Flooding (SJ),11208,693 COZINE AVENUE,COZINE AVENUE,PINE ST,CRESCENT ST,ADDRESS,BROOKLYN,Closed,"The Department of Environment Protection inspected your complaint but could not find the problem you reported. If the condition persists, please call 311 (or 212-639-9675 if calling from a non-New York City area code) with more detailed information to submit a new complaint.",2021-07-08T21:15:00.000,05 BROOKLYN,3045470040,BROOKLYN,1021006,180539,ONLINE,Unspecified,BROOKLYN,40.662138275367035,-73.8675164388085,"{'latitude': '40.662138275367035', 'longitude': '-73.8675164388085', 'human_address': '{""address"": """", ""city"": """", ""state"": """", ""zip"": """"}'}",,,,
51146250,2021-07-08T16:44:00.000,2021-07-08T19:35:00.000,DEP,Department of Environmental Protection,Sewer,Street Flooding (SJ),10027,158 WEST  125 STREET,WEST  125 STREET,LENOX AVE,ADAM CLAYTON POWELL JR BLVD,ADDRESS,NEW YORK,Closed,"The Department of Environment Protection inspected your complaint but could not find the problem you reported. If the condition persists, please call 311 (or 212-639-9675 if calling from a non-New York City area code) with more detailed information to submit a new complaint.",2021-07-08T19:35:00.000,10 MANHATTAN,1019090059,MANHATTAN,998790,233878,ONLINE,Unspecified,MANHATTAN,40.808604960945495,-73.94747662082126,"{'latitude': '40.808604960945495', 'longitude': '-73.94747662082126', 'human_address': '{""address"": """", ""city"": """", ""state"": """", ""zip"": """"}'}",,,,
51146252,2021-07-08T13:43:00.000,,DEP,Department of Environmental Protection,Sewer,Street Flooding (SJ),10314,250 AUBURN AVENUE,AUBURN AVENUE,CAMBRIDGE AVE,DEAD END,ADDRESS,STATEN ISLAND,Open,,,01 STATEN ISLAND,5015250044,STATEN ISLAND,942511,162515,ONLINE,Unspecified,STATEN ISLAND,40.61264422566367,-74.15033279197208,"{'latitude': '40.61264422566367', 'longitude': '-74.15033279197208', 'human_address': '{""address"": """", ""city"": """", ""state"": """", ""zip"": """"}'}",,,,
51146253,2021-07-08T13:24:00.000,2021-07-09T03:50:00.000,DEP,Department of Environmental Protection,Sewer,Street Flooding (SJ),10011,180 7 AVENUE,7 AVENUE,W 20 ST,W 21 ST,ADDRESS,NEW YORK,Closed,The Department of Environmental Protection investigated this complaint and resolved the street flooding.,2021-07-09T03:50:00.000,04 MANHATTAN,1007700041,MANHATTAN,985153,209829,PHONE,Unspecified,MANHATTAN,40.74260869521503,-73.99674129111989,"{'latitude': '40.74260869521503', 'longitude': '-73.99674129111989', 'human_address': '{""address"": """", ""city"": """", ""state"": """", ""zip"": """"}'}",,,,
51146483,2021-07-08T18:18:00.000,,DEP,Department of Environmental Protection,Sewer,Street Flooding (SJ),10458,229 EAST KINGSBRIDGE ROAD,EAST KINGSBRIDGE ROAD,BEND,VALENTINE AVE,ADDRESS,BRONX,Open,,,07 BRONX,2032930130,BRONX,1013607,254501,ONLINE,Unspecified,BRONX,40.8651722684323,-73.89386239856803,"{'latitude': '40.8651722684323', 'longitude': '-73.89386239856803', 'human_address': '{""address"": """", ""city"": """", ""state"": """", ""zip"": """"}'}",,,,
51147201,2021-07-08T12:10:00.000,2021-07-08T12:23:00.000,DEP,Department of Environmental Protection,Sewer,Street Flooding (SJ),10468,2322 WALTON AVENUE,WALTON AVENUE,E 183 ST,E 184 ST,ADDRESS,BRONX,Closed,"The Department of Environmental Protection has determined that this issue was previously reported by another customer The original complaint is being addressed. If the condition persists, please call 311 (or 212-639-9675 if calling from a non-New York City area code) to submit a new complaint.",2021-07-08T12:23:00.000,05 BRONX,,BRONX,1011273,252300,PHONE,Unspecified,BRONX,40.85913864477363,-73.90230963340495,"{'latitude': '40.85913864477363', 'longitude': '-73.90230963340495', 'human_address': '{""address"": """", ""city"": """", ""state"": """", ""zip"": """"}'}",,,,
51147202,2021-07-08T18:09:00.000,2021-07-08T18:25:00.000,DEP,Department of Environmental Protection,Sewer,Street Flooding (SJ),10464,1 CITY ISLAND ROAD,CITY ISLAND ROAD,PARK DR,BEND,ADDRESS,BRONX,Closed,The Department of Environmental Protection investigated this complaint and referred it to another agency or utility for further action.,2021-07-08T18:25:00.000,28 BRONX,2056500001,BRONX,1036651,253918,ONLINE,Unspecified,BRONX,40.863465400210515,-73.81055364379239,"{'latitude': '40.863465400210515', 'longitude': '-73.81055364379239', 'human_address': '{""address"": """", ""city"": """", ""state"": """", ""zip"": """"}'}",,,,
51147203,2021-07-08T16:18:00.000,,DEP,Department of Environmental Protection,Sewer,Street Flooding (SJ),10457,1834 WEBSTER AVENUE,WEBSTER AVENUE,E 175 ST,E 176 ST,ADDRESS,BRONX,Open,,,06 BRONX,2029000007,BRONX,1011437,247611,PHONE,Unspecified,BRONX,40.84626823780187,-73.90173577572278,"{'latitude': '40.84626823780187', 'longitude': '-73.90173577572278', 'human_address': '{""address"": """", ""city"": """", ""state"": """", ""zip"": """"}'}",,,,
51147458,2021-07-08T16:41:00.000,2021-07-09T03:05:00.000,DEP,Department of Environmental Protection,Sewer,Street Flooding (SJ),10471,5710 MOSHOLU AVENUE,MOSHOLU AVENUE,FIELDSTON RD,SPENCER AVE,ADDRESS,BRONX,Closed,The Department of Environmental Protection investigated this complaint and resolved the street flooding.,2021-07-09T03:05:00.000,08 BRONX,2058552232,BRONX,1011838,269203,PHONE,Unspecified,BRONX,40.905530331491526,-73.9001974938905,"{'latitude': '40.905530331491526', 'longitude': '-73.9001974938905', 'human_address': '{""address"": """", ""city"": """", ""state"": """", ""zip"": """"}'}",,,,
51147540,2021-07-08T17:27:00.000,2021-07-09T07:23:00.000,DEP,Department of Environmental Protection,Sewer,Street Flooding (SJ),11433,106-60 GUY BREWER BOULEVARD,GUY BREWER BOULEVARD,REVEREND CARL BALDWIN WAY,REVEREND GENE MC GHEE ST,ADDRESS,Jamaica,Closed,"The Department of Environmental Protection has determined that this issue was previously reported by another customer The original complaint is being addressed. If the condition persists, please call 311 (or 212-639-9675 if calling from a non-New York City area code) to submit a new complaint.",2021-07-09T07:23:00.000,12 QUEENS,4101290036,QUEENS,1041673,193945,PHONE,Unspecified,QUEENS,40.69882468593988,-73.79291016411402,"{'latitude': '40.69882468593988', 'longitude': '-73.79291016411402', 'human_address': '{""address"": """", ""city"": """", ""state"": """", ""zip"": """"}'}",,,,
51147552,2021-07-08T15:48:00.000,2021-07-08T19:45:00.000,DEP,Department of Environmental Protection,Sewer,Street Flooding (SJ),10040,4470 BROADWAY,BROADWAY,FAIRVIEW AVE,W 192 ST,ADDRESS,NEW YORK,Closed,"The Department of Environment Protection inspected your complaint but could not find the problem you reported. If the condition persists, please call 311 (or 212-639-9675 if calling from a non-New York City area code) with more detailed information to submit a new complaint.",2021-07-08T19:45:00.000,12 MANHATTAN,1021700070,MANHATTAN,1002949,251559,PHONE,Unspecified,MANHATTAN,40.85712637761693,-73.93240363026327,"{'latitude': '40.85712637761693', 'longitude': '-73.93240363026327', 'human_address': '{""address"": """", ""city"": """", ""state"": """", ""zip"": """"}'}",,,,
51147690,2021-07-08T20:18:00.000,2021-07-09T07:20:00.000,DEP,Department of Environmental Protection,Sewer,Street Flooding (SJ),11433,107-02 GUY R BREWER BOULEVARD,GUY R BREWER BOULEVARD,107 AVE,108 AVE,ADDRESS,Jamaica,Closed,"The Department of Environment Protection inspected your complaint but could not find the problem you reported. If the condition persists, please call 311 (or 212-639-9675 if calling from a non-New York City area code) with more detailed information to submit a new complaint.",2021-07-09T07:20:00.000,12 QUEENS,4101400002,QUEENS,1041864,193604,ONLINE,Unspecified,QUEENS,40.6978874816099,-73.79222426282409,"{'latitude': '40.6978874816099', 'longitude': '-73.79222426282409', 'human_address': '{""address"": """", ""city"": """", ""state"": """", ""zip"": """"}'}",,,,
51147691,2021-07-08T17:24:00.000,2021-07-09T08:15:00.000,DEP,Department of Environmental Protection,Sewer,Street Flooding (SJ),10456,1347 WEBSTER AVENUE,WEBSTER AVENUE,E 169 ST,E 170 ST,ADDRESS,BRONX,Closed,The Department of Environmental Protection investigated this complaint and resolved the street flooding.,2021-07-09T08:15:00.000,04 BRONX,2028870165,BRONX,1009701,243556,ONLINE,Unspecified,BRONX,40.83514362527446,-73.90802572809687,"{'latitude': '40.83514362527446', 'longitude': '-73.90802572809687', 'human_address': '{""address"": """", ""city"": """", ""state"": """", ""zip"": """"}'}",,,,
51148831,2021-07-08T17:11:00.000,2021-07-09T12:00:00.000,DEP,Department of Environmental Protection,Sewer,Street Flooding (SJ),10471,731 LADD ROAD,LADD ROAD,DEAD END,BEND,ADDRESS,BRONX,Closed,"The Department of Environment Protection inspected your complaint but could not find the problem you reported. If the condition persists, please call 311 (or 212-639-9675 if calling from a non-New York City area code) with more detailed information to submit a new complaint.",2021-07-09T12:00:00.000,08 BRONX,2059470047,BRONX,1008995,269061,ONLINE,Unspecified,BRONX,40.905149019910276,-73.91048286428858,"{'latitude': '40.905149019910276', 'longitude': '-73.91048286428858', 'human_address': '{""address"": """", ""city"": """", ""state"": """", ""zip"": """"}'}",,,,
51148876,2021-07-08T18:18:00.000,2021-07-09T15:50:00.000,DEP,Department of Environmental Protection,Sewer,Street Flooding (SJ),11423,86-91 188 STREET,188 STREET,RIO DR,HENLEY RD,ADDRESS,Hollis,Closed,"The Department of Environment Protection inspected your complaint but could not find the problem you reported. If the condition persists, please call 311 (or 212-639-9675 if calling from a non-New York City area code) with more detailed information to submit a new complaint.",2021-07-09T15:50:00.000,08 QUEENS,4105010077,QUEENS,1046621,200968,ONLINE,Unspecified,QUEENS,40.718067604604386,-73.77500075718483,"{'latitude': '40.718067604604386', 'longitude': '-73.77500075718483', 'human_address': '{""address"": """", ""city"": """", ""state"": """", ""zip"": """"}'}",,,,
51150278,2021-07-09T11:32:00.000,,DEP,Department of Environmental Protection,Sewer,Street Flooding (SJ),11230,1433 AVENUE H,AVENUE H,E 15 ST,BRIGHTON LINE,ADDRESS,BROOKLYN,Open,,,14 BROOKLYN,3066910069,BROOKLYN,994726,168798,PHONE,Unspecified,BROOKLYN,40.629981862944234,-73.96225844566537,"{'latitude': '40.629981862944234', 'longitude': '-73.96225844566537', 'human_address': '{""address"": """", ""city"": """", ""state"": """", ""zip"": """"}'}",,,,
51150290,2021-07-09T09:59:00.000,,DEP,Department of Environmental Protection,Sewer,Street Flooding (SJ),10306,15 MAPLETON AVENUE,MAPLETON AVENUE,GRIMSBY ST,FREEBORN ST,ADDRESS,STATEN ISLAND,Open,,,02 STATEN ISLAND,5037960003,STATEN ISLAND,958451,148635,ONLINE,Unspecified,STATEN ISLAND,40.57460718554578,-74.09286820181705,"{'latitude': '40.57460718554578', 'longitude': '-74.09286820181705', 'human_address': '{""address"": """", ""city"": """", ""state"": """", ""zip"": """"}'}",,,,
51150310,2021-07-09T23:43:00.000,,DEP,Department of Environmental Protection,Sewer,Street Flooding (SJ),10302,32 MITCHEL LANE,MITCHEL LANE,POST AVE,KRAMER PL,ADDRESS,STATEN ISLAND,Open,,,01 STATEN ISLAND,5010390177,STATEN ISLAND,947807,168930,PHONE,Unspecified,STATEN ISLAND,40.63027540718408,-74.13129266769214,"{'latitude': '40.63027540718408', 'longitude': '-74.13129266769214', 'human_address': '{""address"": """", ""city"": """", ""state"": """", ""zip"": """"}'}",,,,
51150311,2021-07-09T22:59:00.000,,DEP,Department of Environmental Protection,Sewer,Street Flooding (SJ),11209,225 87 STREET,87 STREET,RIDGE BLVD,3 AVE,ADDRESS,BROOKLYN,Open,,,10 BROOKLYN,3060430067,BROOKLYN,975036,166316,PHONE,Unspecified,BROOKLYN,40.62317069736226,-74.0331915990981,"{'latitude': '40.62317069736226', 'longitude': '-74.0331915990981', 'human_address': '{""address"": """", ""city"": """", ""state"": """", ""zip"": """"}'}",,,,
51150312,2021-07-09T10:28:00.000,,DEP,Department of Environmental Protection,Sewer,Street Flooding (SJ),11236,10121 SEAVIEW AVENUE,SEAVIEW AVENUE,E 101 ST,E 102 ST,ADDRESS,BROOKLYN,Open,,,18 BROOKLYN,3083040001,BROOKLYN,1015766,170978,PHONE,Unspecified,BROOKLYN,40.63591562756507,-73.88644817788553,"{'latitude': '40.63591562756507', 'longitude': '-73.88644817788553', 'human_address': '{""address"": """", ""city"": """", ""state"": """", ""zip"": """"}'}",,,,
51150314,2021-07-09T10:25:00.000,,DEP,Department of Environmental Protection,Sewer,Street Flooding (SJ),11236,748 EAST   80 STREET,EAST   80 STREET,GLENWOOD RD,FLATLANDS AVE,ADDRESS,BROOKLYN,Open,,,18 BROOKLYN,3080000054,BROOKLYN,1008109,171065,PHONE,Unspecified,BROOKLYN,40.636178358393046,-73.91403594153907,"{'latitude': '40.636178358393046', 'longitude': '-73.91403594153907', 'human_address': '{""address"": """", ""city"": """", ""state"": """", ""zip"": """"}'}",,,,
51150339,2021-07-09T13:17:00.000,2021-07-09T15:56:00.000,DEP,Department of Environmental Protection,Sewer,Street Flooding (SJ),10471,5263 FIELDSTON ROAD,FIELDSTON ROAD,UNNAMED ST,W 253 ST,ADDRESS,BRONX,Closed,"The Department of Environmental Protection has determined that this issue was previously reported by another customer The original complaint is being addressed. If the condition persists, please call 311 (or 212-639-9675 if calling from a non-New York City area code) to submit a new complaint.",2021-07-09T15:56:00.000,08 BRONX,2058373748,BRONX,1011465,267207,ONLINE,Unspecified,BRONX,40.900053116661255,-73.90155497460721,"{'latitude': '40.900053116661255', 'longitude': '-73.90155497460721', 'human_address': '{""address"": """", ""city"": """", ""state"": """", ""zip"": """"}'}",,,,
51150358,2021-07-09T19:36:00.000,2021-07-10T12:30:00.000,DEP,Department of Environmental Protection,Sewer,Street Flooding (SJ),10472,,,,,INTERSECTION,BRONX,Closed,The Department of Environmental Protection investigated this complaint and resolved the street flooding.,2021-07-10T12:30:00.000,02 BRONX,,BRONX,1015773,240835,ONLINE,Unspecified,BRONX,40.827655681877786,-73.88609567466665,"{'latitude': '40.827655681877786', 'longitude': '-73.88609567466665', 'human_address': '{""address"": """", ""city"": """", ""state"": """", ""zip"": """"}'}",WHITLOCK AVENUE,WESTCHESTER AVENUE,,
51151567,2021-07-09T23:05:00.000,,DEP,Department of Environmental Protection,Sewer,Street Flooding (SJ),11412,201-06 104 AVENUE,104 AVENUE,201 ST,202 ST,ADDRESS,Saint Albans,Open,,,12 QUEENS,4108970001,QUEENS,1051440,197698,PHONE,Unspecified,QUEENS,40.709056982065334,-73.75764925622552,"{'latitude': '40.709056982065334', 'longitude': '-73.75764925622552', 'human_address': '{""address"": """", ""city"": """", ""state"": """", ""zip"": """"}'}",,,,
51151576,2021-07-09T22:14:00.000,,DEP,Department of Environmental Protection,Sewer,Street Flooding (SJ),10302,16 ST ANTHONY PLACE,ST ANTHONY PLACE,ELDRIDGE AVE,DEAD END,ADDRESS,STATEN ISLAND,Open,,,01 STATEN ISLAND,5003910155,STATEN ISLAND,946713,166443,ONLINE,Unspecified,STATEN ISLAND,40.623444554738285,-74.1352201684811,"{'latitude': '40.623444554738285', 'longitude': '-74.1352201684811', 'human_address': '{""address"": """", ""city"": """", ""state"": """", ""zip"": """"}'}",,,,
51151602,2021-07-09T22:24:00.000,2021-07-09T22:24:00.000,DEP,Department of Environmental Protection,Sewer,Street Flooding (SJ),10459,1038 LOWELL STREET,LOWELL STREET,LONGFELLOW AVE,WHITLOCK AVE,ADDRESS,BRONX,Closed,"The Department of Environmental Protection has determined that this issue was previously reported by another customer The original complaint is being addressed. If the condition persists, please call 311 (or 212-639-9675 if calling from a non-New York City area code) to submit a new complaint.",2021-07-09T22:24:00.000,02 BRONX,2027570039,BRONX,1015427,240217,PHONE,Unspecified,BRONX,40.82596067752734,-73.887348771739,"{'latitude': '40.82596067752734', 'longitude': '-73.887348771739', 'human_address': '{""address"": """", ""city"": """", ""state"": """", ""zip"": """"}'}",,,,
51151794,2021-07-09T15:16:00.000,,DEP,Department of Environmental Protection,Sewer,Street Flooding (SJ),11692,72-34 BURCHELL AVENUE,BURCHELL AVENUE,BEACH 72 ST,BARBADOES DR,ADDRESS,Arverne,Open,,,14 QUEENS,4160640014,QUEENS,1039195,156472,ONLINE,Unspecified,QUEENS,40.59598541573345,-73.80215200514698,"{'latitude': '40.59598541573345', 'longitude': '-73.80215200514698', 'human_address': '{""address"": """", ""city"": """", ""state"": """", ""zip"": """"}'}",,,,
51152934,2021-07-09T14:17:00.000,,DEP,Department of Environmental Protection,Sewer,Street Flooding (SJ),11234,17 BERGEN BEACH PLACE,BERGEN BEACH PLACE,AVENUE M,AVENUE N,ADDRESS,BROOKLYN,Open,,,18 BROOKLYN,3083660103,BROOKLYN,1007889,166007,PHONE,Unspecified,BROOKLYN,40.62229581127919,-73.9148463174111,"{'latitude': '40.62229581127919', 'longitude': '-73.9148463174111', 'human_address': '{""address"": """", ""city"": """", ""state"": """", ""zip"": """"}'}",,,,
51152935,2021-07-09T11:29:00.000,,DEP,Department of Environmental Protection,Sewer,Street Flooding (SJ),11429,,,,,INTERSECTION,Queens Village,Open,,,13 QUEENS,,QUEENS,1058532,198123,ONLINE,Unspecified,QUEENS,40.71016680350604,-73.73206425382439,"{'latitude': '40.71016680350604', 'longitude': '-73.73206425382439', 'human_address': '{""address"": """", ""city"": """", ""state"": """", ""zip"": """"}'}",223 STREET,105 AVENUE,,
51152936,2021-07-09T11:17:00.000,,DEP,Department of Environmental Protection,Sewer,Street Flooding (SJ),11230,1475 AVENUE N,AVENUE N,E 14 ST,E 15 ST,ADDRESS,BROOKLYN,Open,,,14 BROOKLYN,,BROOKLYN,995387,163557,PHONE,Unspecified,BROOKLYN,40.615595608323595,-73.95988572879652,"{'latitude': '40.615595608323595', 'longitude': '-73.95988572879652', 'human_address': '{""address"": """", ""city"": """", ""state"": """", ""zip"": """"}'}",,,,
51152937,2021-07-09T08:49:00.000,,DEP,Department of Environmental Protection,Sewer,Street Flooding (SJ),10467,149 EAST MOSHOLU PARKWAY NORTH,EAST MOSHOLU PARKWAY NORTH,STEUBEN AVE,VAN CORTLANDT AVE E,ADDRESS,BRONX,Open,,,07 BRONX,2033360035,BRONX,1017012,258559,ONLINE,Unspecified,BRONX,40.8762982462459,-73.88153209884211,"{'latitude': '40.8762982462459', 'longitude': '-73.88153209884211', 'human_address': '{""address"": """", ""city"": """", ""state"": """", ""zip"": """"}'}",,,,
51152992,2021-07-09T06:20:00.000,,DEP,Department of Environmental Protection,Sewer,Street Flooding (SJ),10309,115 AMBASSADOR LANE,AMBASSADOR LANE,BEND,VETERANS RD E,ADDRESS,STATEN ISLAND,Open,,,03 STATEN ISLAND,5073550095,STATEN ISLAND,922984,132066,ONLINE,Unspecified,STATEN ISLAND,40.52895443433728,-74.220387691263,"{'latitude': '40.52895443433728', 'longitude': '-74.220387691263', 'human_address': '{""address"": """", ""city"": """", ""state"": """", ""zip"": """"}'}",,,,
51153005,2021-07-09T22:33:00.000,,DEP,Department of Environmental Protection,Sewer,Street Flooding (SJ),10310,172 BEMENT COURT,BEMENT COURT,OAKLAND AVE,BEMENT AVE,ADDRESS,STATEN ISLAND,Open,,,01 STATEN ISLAND,5001500358,STATEN ISLAND,953088,172284,ONLINE,Unspecified,STATEN ISLAND,40.6395015684565,-74.11228239670659,"{'latitude': '40.6395015684565', 'longitude': '-74.11228239670659', 'human_address': '{""address"": """", ""city"": """", ""state"": """", ""zip"": """"}'}",,,,
51153008,2021-07-09T17:08:00.000,2021-07-10T06:00:00.000,DEP,Department of Environmental Protection,Sewer,Street Flooding (SJ),11235,,,,,INTERSECTION,BROOKLYN,Closed,"The Department of Environmental Protection has determined that this issue was previously reported by another customer The original complaint is being addressed. If the condition persists, please call 311 (or 212-639-9675 if calling from a non-New York City area code) to submit a new complaint.",2021-07-10T06:00:00.000,15 BROOKLYN,,BROOKLYN,1000971,154077,ONLINE,Unspecified,BROOKLYN,40.58956616376555,-73.9397962369383,"{'latitude': '40.58956616376555', 'longitude': '-73.9397962369383', 'human_address': '{""address"": """", ""city"": """", ""state"": """", ""zip"": """"}'}",AVENUE Z,NOSTRAND AVENUE,,
51153010,2021-07-09T09:08:00.000,,DEP,Department of Environmental Protection,Sewer,Street Flooding (SJ),11236,8920 AVENUE D,AVENUE D,E 89 ST,REMSEN AVE,ADDRESS,BROOKLYN,Open,,,18 BROOKLYN,3079460046,BROOKLYN,1008452,174609,ONLINE,Unspecified,BROOKLYN,40.64590494332386,-73.91278739920627,"{'latitude': '40.64590494332386', 'longitude': '-73.91278739920627', 'human_address': '{""address"": """", ""city"": """", ""state"": """", ""zip"": """"}'}",,,,
51153183,2021-07-09T09:22:00.000,2021-07-09T12:45:00.000,DEP,Department of Environmental Protection,Sewer,Street Flooding (SJ),11204,,,,,INTERSECTION,BROOKLYN,Closed,"The Department of Environmental Protection inspected your complaint and cleaned the catch basin or inlet. If the condition returns, please call 311 (or 212-639-9675 if calling from a non-New York City area code) to submit a new complaint.",2021-07-09T12:45:00.000,12 BROOKLYN,,BROOKLYN,987168,166387,PHONE,Unspecified,BROOKLYN,40.62336988839489,-73.98948845527158,"{'latitude': '40.62336988839489', 'longitude': '-73.98948845527158', 'human_address': '{""address"": """", ""city"": """", ""state"": """", ""zip"": """"}'}",17 AVENUE,60 STREET,,
51154264,2021-07-09T08:36:00.000,2021-07-09T11:50:00.000,DEP,Department of Environmental Protection,Sewer,Street Flooding (SJ),11238,604 PARK PLACE,PARK PLACE,CLASSON AVE,FRANKLIN AVENUE SHUTTLE LINE,ADDRESS,BROOKLYN,Closed,The Department of Environmental Protection has investigated this complaint and found that debris was obstructing the catch basin.,2021-07-09T11:50:00.000,08 BROOKLYN,3011680036,BROOKLYN,995865,185002,ONLINE,Unspecified,BROOKLYN,40.67445688735496,-73.95812710147534,"{'latitude': '40.67445688735496', 'longitude': '-73.95812710147534', 'human_address': '{""address"": """", ""city"": """", ""state"": """", ""zip"": """"}'}",,,,
51154265,2021-07-09T22:21:00.000,,DEP,Department of Environmental Protection,Sewer,Street Flooding (SJ),10302,16 ST ANTHONY PLACE,ST ANTHONY PLACE,ELDRIDGE AVE,DEAD END,ADDRESS,STATEN ISLAND,Open,,,01 STATEN ISLAND,5003910155,STATEN ISLAND,946713,166443,PHONE,Unspecified,STATEN ISLAND,40.623444554738285,-74.1352201684811,"{'latitude': '40.623444554738285', 'longitude': '-74.1352201684811', 'human_address': '{""address"": """", ""city"": """", ""state"": """", ""zip"": """"}'}",,,,
51154271,2021-07-09T08:52:00.000,,DEP,Department of Environmental Protection,Sewer,Street Flooding (SJ),11235,170 GIRARD STREET,GIRARD STREET,HAMPTON AVE,ORIENTAL BLVD,ADDRESS,BROOKLYN,Open,,,15 BROOKLYN,3087490271,BROOKLYN,999376,150074,PHONE,Unspecified,BROOKLYN,40.57858159066607,-73.94554797327548,"{'latitude': '40.57858159066607', 'longitude': '-73.94554797327548', 'human_address': '{""address"": """", ""city"": """", ""state"": """", ""zip"": """"}'}",,,,
51154291,2021-07-09T22:39:00.000,,DEP,Department of Environmental Protection,Sewer,Street Flooding (SJ),10314,115 LEVIT AVENUE,LEVIT AVENUE,DEVENS ST,JAFFE ST,ADDRESS,STATEN ISLAND,Open,,,01 STATEN ISLAND,5014820057,STATEN ISLAND,943182,165264,PHONE,Unspecified,STATEN ISLAND,40.62019278582443,-74.1479327537368,"{'latitude': '40.62019278582443', 'longitude': '-74.1479327537368', 'human_address': '{""address"": """", ""city"": """", ""state"": """", ""zip"": """"}'}",,,,
51154293,2021-07-09T22:08:00.000,,DEP,Department of Environmental Protection,Sewer,Street Flooding (SJ),10303,84 PRINCESS STREET,PRINCESS STREET,GRANITE AVE,PRINCESS LN,ADDRESS,STATEN ISLAND,Open,,,01 STATEN ISLAND,5011720256,STATEN ISLAND,942552,168581,PHONE,Unspecified,STATEN ISLAND,40.62929429974243,-74.15022258898065,"{'latitude': '40.62929429974243', 'longitude': '-74.15022258898065', 'human_address': '{""address"": """", ""city"": """", ""state"": """", ""zip"": """"}'}",,,,
51154351,2021-07-09T10:05:00.000,2021-07-09T10:15:00.000,DEP,Department of Environmental Protection,Sewer,Street Flooding (SJ),10469,3537 MICKLE AVENUE,MICKLE AVENUE,CHESTER ST,NEEDHAM AVE,ADDRESS,BRONX,Closed,"The Department of Environmental Protection inspected your complaint and referred it to the Department of Transportation for further action. If the problem persists, please call 311 (or 212-639-9675 if calling from a non-New York City area code) to submit a new complaint.",2021-07-09T10:15:00.000,12 BRONX,2047260117,BRONX,1026593,259835,PHONE,Unspecified,BRONX,40.87975970131444,-73.84687905114949,"{'latitude': '40.87975970131444', 'longitude': '-73.84687905114949', 'human_address': '{""address"": """", ""city"": """", ""state"": """", ""zip"": """"}'}",,,,
51154448,2021-07-09T09:28:00.000,2021-07-09T09:37:00.000,DEP,Department of Environmental Protection,Sewer,Street Flooding (SJ),11414,78-05 149 AVENUE,149 AVENUE,????????????????????????????????,79 ST,ADDRESS,Howard Beach,Closed,"The Department of Environmental Protection has determined that this issue was previously reported by another customer The original complaint is being addressed. If the condition persists, please call 311 (or 212-639-9675 if calling from a non-New York City area code) to submit a new complaint.",2021-07-09T09:37:00.000,10 QUEENS,4113840032,QUEENS,1023993,182907,ONLINE,Unspecified,QUEENS,40.668624997406944,-73.85673613617708,"{'latitude': '40.668624997406944', 'longitude': '-73.85673613617708', 'human_address': '{""address"": """", ""city"": """", ""state"": """", ""zip"": """"}'}",,,,
51154456,2021-07-09T12:52:00.000,,DEP,Department of Environmental Protection,Sewer,Street Flooding (SJ),11423,182-50 90 AVENUE,90 AVENUE,182 PL,183 ST,ADDRESS,Hollis,Open,,,12 QUEENS,4099040023,QUEENS,1045637,198427,ONLINE,Unspecified,QUEENS,40.71110007149391,-73.77857362743279,"{'latitude': '40.71110007149391', 'longitude': '-73.77857362743279', 'human_address': '{""address"": """", ""city"": """", ""state"": """", ""zip"": """"}'}",,,,
51154463,2021-07-09T08:14:00.000,,DEP,Department of Environmental Protection,Sewer,Street Flooding (SJ),10467,,,,,INTERSECTION,BRONX,Open,,,07 BRONX,,BRONX,1016145,259815,ONLINE,Unspecified,BRONX,40.87974875011495,-73.88466120059489,"{'latitude': '40.87974875011495', 'longitude': '-73.88466120059489', 'human_address': '{""address"": """", ""city"": """", ""state"": """", ""zip"": """"}'}",JEROME AVENUE,MOSHOLU PARKWAY,,
51155584,2021-07-09T06:20:00.000,2021-07-09T06:30:00.000,DEP,Department of Environmental Protection,Sewer,Street Flooding (SJ),11214,2283 84 STREET,84 STREET,BAY PKWY,23 AVE,ADDRESS,BROOKLYN,Closed,"The Department of Environmental Protection has determined that this issue was previously reported by another customer The original complaint is being addressed. If the condition persists, please call 311 (or 212-639-9675 if calling from a non-New York City area code) to submit a new complaint.",2021-07-09T06:30:00.000,11 BROOKLYN,3063310043,BROOKLYN,986758,158640,PHONE,Unspecified,BROOKLYN,40.6021060959655,-73.99096828030767,"{'latitude': '40.6021060959655', 'longitude': '-73.99096828030767', 'human_address': '{""address"": """", ""city"": """", ""state"": """", ""zip"": """"}'}",,,,
51155585,2021-07-09T07:10:00.000,2021-07-09T18:55:00.000,DEP,Department of Environmental Protection,Sewer,Street Flooding (SJ),10464,533 MINNIEFORD AVENUE,MINNIEFORD AVENUE,BEACH ST,CROSS ST,ADDRESS,BRONX,Closed,The Department of Environmental Protection investigated this complaint and resolved the street flooding.,2021-07-09T18:55:00.000,10 BRONX,2056350024,BRONX,1042704,250109,ONLINE,Unspecified,BRONX,40.85297286215784,-73.78870341235309,"{'latitude': '40.85297286215784', 'longitude': '-73.78870341235309', 'human_address': '{""address"": """", ""city"": """", ""state"": """", ""zip"": """"}'}",,,,
51155592,2021-07-09T15:35:00.000,,DEP,Department of Environmental Protection,Sewer,Street Flooding (SJ),11208,,,,,INTERSECTION,BROOKLYN,Open,,,05 BROOKLYN,,BROOKLYN,1017990,182755,ONLINE,Unspecified,BROOKLYN,40.668232704229844,-73.87837622388538,"{'latitude': '40.668232704229844', 'longitude': '-73.87837622388538', 'human_address': '{""address"": """", ""city"": """", ""state"": """", ""zip"": """"}'}",BERRIMAN STREET,NEW LOTS AVENUE,,
51155598,2021-07-09T10:15:00.000,,DEP,Department of Environmental Protection,Sewer,Street Flooding (SJ),11223,2284 WEST    6 STREET,WEST    6 STREET,WOLF PL,AVENUE W,ADDRESS,BROOKLYN,Open,,,15 BROOKLYN,3071440040,BROOKLYN,990712,155114,ONLINE,Unspecified,BROOKLYN,40.59242593712124,-73.97673265044837,"{'latitude': '40.59242593712124', 'longitude': '-73.97673265044837', 'human_address': '{""address"": """", ""city"": """", ""state"": """", ""zip"": """"}'}",,,,
51155622,2021-07-09T07:59:00.000,2021-07-09T10:00:00.000,DEP,Department of Environmental Protection,Sewer,Street Flooding (SJ),11210,,,,,INTERSECTION,BROOKLYN,Closed,The Department of Environmental Protection has investigated this complaint and found that debris was obstructing the catch basin.,2021-07-09T10:00:00.000,17 BROOKLYN,,BROOKLYN,1000207,172074,ONLINE,Unspecified,BROOKLYN,40.638965607751416,-73.94250447815804,"{'latitude': '40.638965607751416', 'longitude': '-73.94250447815804', 'human_address': '{""address"": """", ""city"": """", ""state"": """", ""zip"": """"}'}",BROOKLYN AVENUE,FOSTER AVENUE,,
51155632,2021-07-09T07:47:00.000,,DEP,Department of Environmental Protection,Sewer,Street Flooding (SJ),10461,1850 EASTCHESTER ROAD,EASTCHESTER ROAD,SACKETT AVE,LOOMIS ST,ADDRESS,BRONX,Open,,,11 BRONX,2042260422,BRONX,1027183,249120,ONLINE,Unspecified,BRONX,40.85034747070896,-73.84481413952253,"{'latitude': '40.85034747070896', 'longitude': '-73.84481413952253', 'human_address': '{""address"": """", ""city"": """", ""state"": """", ""zip"": """"}'}",,,,
51155675,2021-07-09T22:24:00.000,,DEP,Department of Environmental Protection,Sewer,Street Flooding (SJ),10302,21 DRYDEN COURT,DRYDEN COURT,HAUGHWOUT AVE,DEAD END,ADDRESS,STATEN ISLAND,Open,,,01 STATEN ISLAND,5010390313,STATEN ISLAND,947300,168191,ONLINE,Unspecified,STATEN ISLAND,40.62824491006101,-74.13311518061774,"{'latitude': '40.62824491006101', 'longitude': '-74.13311518061774', 'human_address': '{""address"": """", ""city"": """", ""state"": """", ""zip"": """"}'}",,,,
51155676,2021-07-09T07:59:00.000,,DEP,Department of Environmental Protection,Sewer,Street Flooding (SJ),10458,2600 SOUTHERN BOULEVARD,SOUTHERN BOULEVARD,FORDHAM UNIVERSITY PATH,UNNAMED ST,ADDRESS,BRONX,Open,,,06 BRONX,2032720001,BRONX,1017271,252700,ONLINE,Unspecified,BRONX,40.8602161264362,-73.88062442408886,"{'latitude': '40.8602161264362', 'longitude': '-73.88062442408886', 'human_address': '{""address"": """", ""city"": """", ""state"": """", ""zip"": """"}'}",,,,
51155891,2021-07-09T09:02:00.000,2021-07-09T15:10:00.000,DEP,Department of Environmental Protection,Sewer,Street Flooding (SJ),11229,1927 EAST   27 STREET,EAST   27 STREET,AVENUE S,AVENUE T,ADDRESS,BROOKLYN,Closed,"The Department of Environmental Protection inspected your complaint and referred it to the Department of Transportation for further action. If the problem persists, please call 311 (or 212-639-9675 if calling from a non-New York City area code) to submit a new complaint.",2021-07-09T15:10:00.000,15 BROOKLYN,3073060076,BROOKLYN,999387,159377,PHONE,Unspecified,BROOKLYN,40.60411643807273,-73.94548753343828,"{'latitude': '40.60411643807273', 'longitude': '-73.94548753343828', 'human_address': '{""address"": """", ""city"": """", ""state"": """", ""zip"": """"}'}",,,,
51157078,2021-07-09T02:57:00.000,,DEP,Department of Environmental Protection,Sewer,Street Flooding (SJ),10306,141 HAVEN AVENUE,HAVEN AVENUE,ADAMS AVE,HUNTER AVE,ADDRESS,STATEN ISLAND,Open,,,02 STATEN ISLAND,5036730019,STATEN ISLAND,956932,150202,PHONE,Unspecified,STATEN ISLAND,40.57890373939722,-74.09834244727871,"{'latitude': '40.57890373939722', 'longitude': '-74.09834244727871', 'human_address': '{""address"": """", ""city"": """", ""state"": """", ""zip"": """"}'}",,,,
51157210,2021-07-09T08:17:00.000,2021-07-09T14:00:00.000,DEP,Department of Environmental Protection,Sewer,Street Flooding (SJ),10282,199 VESEY STREET,VESEY STREET,N END WAY,NORTH END AVE,ADDRESS,NEW YORK,Closed,"The Department of Environment Protection inspected your complaint but could not find the problem you reported. If the condition persists, please call 311 (or 212-639-9675 if calling from a non-New York City area code) with more detailed information to submit a new complaint.",2021-07-09T14:00:00.000,01 MANHATTAN,,MANHATTAN,979959,199574,ONLINE,Unspecified,MANHATTAN,40.71446022884328,-74.01547864298263,"{'latitude': '40.71446022884328', 'longitude': '-74.01547864298263', 'human_address': '{""address"": """", ""city"": """", ""state"": """", ""zip"": """"}'}",,,,
51157239,2021-07-09T09:28:00.000,,DEP,Department of Environmental Protection,Sewer,Street Flooding (SJ),11422,,,,,INTERSECTION,Rosedale,Open,,,13 QUEENS,,QUEENS,1059297,178913,PHONE,Unspecified,QUEENS,40.65743353264973,-73.72951886402619,"{'latitude': '40.65743353264973', 'longitude': '-73.72951886402619', 'human_address': '{""address"": """", ""city"": """", ""state"": """", ""zip"": """"}'}",259 STREET,147 AVENUE,,
51157298,2021-07-09T22:46:00.000,,DEP,Department of Environmental Protection,Sewer,Street Flooding (SJ),10314,401-02 WILLOW ROAD EAST,WILLOW ROAD EAST,CASWELL AVE,NINA AVE,ADDRESS,STATEN ISLAND,Open,,,01 STATEN ISLAND,5015257501,STATEN ISLAND,941898,163374,PHONE,Unspecified,STATEN ISLAND,40.614999090994964,-74.15254603856923,"{'latitude': '40.614999090994964', 'longitude': '-74.15254603856923', 'human_address': '{""address"": """", ""city"": """", ""state"": """", ""zip"": """"}'}",,,,
51157300,2021-07-09T10:02:00.000,,DEP,Department of Environmental Protection,Sewer,Street Flooding (SJ),10314,118 AUBURN AVENUE,AUBURN AVENUE,BRYSON AVE,STEWART AVE,ADDRESS,STATEN ISLAND,Open,,,01 STATEN ISLAND,5004850029,STATEN ISLAND,943811,162242,ONLINE,Unspecified,STATEN ISLAND,40.61190092630226,-74.14564891112677,"{'latitude': '40.61190092630226', 'longitude': '-74.14564891112677', 'human_address': '{""address"": """", ""city"": """", ""state"": """", ""zip"": """"}'}",,,,
51157366,2021-07-09T22:18:00.000,,DEP,Department of Environmental Protection,Sewer,Street Flooding (SJ),11429,,,,,INTERSECTION,Queens Village,Open,,,13 QUEENS,,QUEENS,1054808,198436,ONLINE,Unspecified,QUEENS,40.71105639154805,-73.74549339273345,"{'latitude': '40.71105639154805', 'longitude': '-73.74549339273345', 'human_address': '{""address"": """", ""city"": """", ""state"": """", ""zip"": """"}'}",104 ROAD,212 PLACE,,
51157369,2021-07-09T14:23:00.000,,DEP,Department of Environmental Protection,Sewer,Street Flooding (SJ),11379,61-68 70 STREET,70 STREET,ELIOT AVE,62 AVE,ADDRESS,Middle Village,Open,,,05 QUEENS,4029260038,QUEENS,1015550,201500,ONLINE,Unspecified,QUEENS,40.71969230668428,-73.88708466781428,"{'latitude': '40.71969230668428', 'longitude': '-73.88708466781428', 'human_address': '{""address"": """", ""city"": """", ""state"": """", ""zip"": """"}'}",,,,
51158370,2021-07-09T13:20:00.000,2021-07-09T13:20:00.000,DEP,Department of Environmental Protection,Sewer,Street Flooding (SJ),10471,,,,,INTERSECTION,BRONX,Closed,The Department of Environmental Protection investigated this complaint and resolved the street flooding.,2021-07-09T12:55:00.000,08 BRONX,,BRONX,1008106,268566,ONLINE,Unspecified,BRONX,40.903792854215475,-73.91370065922192,"{'latitude': '40.903792854215475', 'longitude': '-73.91370065922192', 'human_address': '{""address"": """", ""city"": """", ""state"": """", ""zip"": """"}'}",WEST 254 STREET,RAILROAD TERRACE,,
51158371,2021-07-09T11:28:00.000,2021-07-09T12:40:00.000,DEP,Department of Environmental Protection,Sewer,Street Flooding (SJ),11225,1176 PRESIDENT STREET,PRESIDENT STREET,ROGERS AVE,NOSTRAND AVE,ADDRESS,BROOKLYN,Closed,"The Department of Environment Protection inspected your complaint but could not find the problem you reported. If the condition persists, please call 311 (or 212-639-9675 if calling from a non-New York City area code) with more detailed information to submit a new complaint.",2021-07-09T12:40:00.000,09 BROOKLYN,3012820032,BROOKLYN,997662,182694,PHONE,Unspecified,BROOKLYN,40.668119404957785,-73.95165338253989,"{'latitude': '40.668119404957785', 'longitude': '-73.95165338253989', 'human_address': '{""address"": """", ""city"": """", ""state"": """", ""zip"": """"}'}",,,,
51158374,2021-07-09T11:11:00.000,,DEP,Department of Environmental Protection,Sewer,Street Flooding (SJ),11004,80-16 261 STREET,261 STREET,80 AVE,81 AVE,ADDRESS,Glen Oaks,Open,,,13 QUEENS,,QUEENS,1064597,210671,ONLINE,Unspecified,QUEENS,40.744554820463726,-73.71003808552898,"{'latitude': '40.744554820463726', 'longitude': '-73.71003808552898', 'human_address': '{""address"": """", ""city"": """", ""state"": """", ""zip"": """"}'}",,,,
51158573,2021-07-09T22:30:00.000,,DEP,Department of Environmental Protection,Sewer,Street Flooding (SJ),10314,26 JOSEPH AVENUE,JOSEPH AVENUE,SUNSET AVE,BEND,ADDRESS,STATEN ISLAND,Open,,,02 STATEN ISLAND,5019840066,STATEN ISLAND,946382,158759,ONLINE,Unspecified,STATEN ISLAND,40.602352175925205,-74.13636944155127,"{'latitude': '40.602352175925205', 'longitude': '-74.13636944155127', 'human_address': '{""address"": """", ""city"": """", ""state"": """", ""zip"": """"}'}",,,,
51158586,2021-07-09T13:55:00.000,,DEP,Department of Environmental Protection,Sewer,Street Flooding (SJ),11229,119 ABBEY COURT,ABBEY COURT,CYRUS AVE,BARTLETT PL,ADDRESS,BROOKLYN,Open,,,15 BROOKLYN,3089140028,BROOKLYN,1005472,154533,PHONE,Unspecified,BROOKLYN,40.59080815839483,-73.92358901477402,"{'latitude': '40.59080815839483', 'longitude': '-73.92358901477402', 'human_address': '{""address"": """", ""city"": """", ""state"": """", ""zip"": """"}'}",,,,
51158587,2021-07-09T10:53:00.000,,DEP,Department of Environmental Protection,Sewer,Street Flooding (SJ),11219,,,,,INTERSECTION,BROOKLYN,Open,,,12 BROOKLYN,,BROOKLYN,986204,167828,ONLINE,Unspecified,BROOKLYN,40.62732539626137,-73.99296066631904,"{'latitude': '40.62732539626137', 'longitude': '-73.99296066631904', 'human_address': '{""address"": """", ""city"": """", ""state"": """", ""zip"": """"}'}",15 AVENUE,58 STREET,,
51158588,2021-07-09T09:05:00.000,,DEP,Department of Environmental Protection,Sewer,Street Flooding (SJ),11223,,,,,INTERSECTION,BROOKLYN,Open,,,15 BROOKLYN,,BROOKLYN,993851,159679,PHONE,Unspecified,BROOKLYN,40.60495309336484,-73.96542374777039,"{'latitude': '40.60495309336484', 'longitude': '-73.96542374777039', 'human_address': '{""address"": """", ""city"": """", ""state"": """", ""zip"": """"}'}",EAST 7 STREET,AVENUE R,,
51158661,2021-07-09T12:55:00.000,,DEP,Department of Environmental Protection,Sewer,Street Flooding (SJ),11210,1615 EAST   21 STREET,EAST   21 STREET,AVENUE O,AVENUE P,ADDRESS,BROOKLYN,Open,,,14 BROOKLYN,3067680001,BROOKLYN,997308,162701,PHONE,Unspecified,BROOKLYN,40.61324344265404,-73.95296815090856,"{'latitude': '40.61324344265404', 'longitude': '-73.95296815090856', 'human_address': '{""address"": """", ""city"": """", ""state"": """", ""zip"": """"}'}",,,,
51158662,2021-07-09T09:02:00.000,,DEP,Department of Environmental Protection,Sewer,Street Flooding (SJ),10305,108 TILSON PLACE,TILSON PLACE,ST MARYS AVE,VIRGINIA AVE,ADDRESS,STATEN ISLAND,Open,,,01 STATEN ISLAND,5028470176,STATEN ISLAND,964838,163160,ONLINE,Unspecified,STATEN ISLAND,40.614491660324674,-74.06991877617675,"{'latitude': '40.614491660324674', 'longitude': '-74.06991877617675', 'human_address': '{""address"": """", ""city"": """", ""state"": """", ""zip"": """"}'}",,,,
51159314,2021-07-09T22:46:00.000,,DEP,Department of Environmental Protection,Sewer,Street Flooding (SJ),10314,255 AUBURN AVENUE,AUBURN AVENUE,CAMBRIDGE AVE,DEAD END,ADDRESS,STATEN ISLAND,Open,,,01 STATEN ISLAND,5015070001,STATEN ISLAND,942467,162531,ONLINE,Unspecified,STATEN ISLAND,40.61268793492727,-74.15049136697777,"{'latitude': '40.61268793492727', 'longitude': '-74.15049136697777', 'human_address': '{""address"": """", ""city"": """", ""state"": """", ""zip"": """"}'}",,,,
51159512,2021-07-09T22:21:00.000,,DEP,Department of Environmental Protection,Sewer,Street Flooding (SJ),10302,81 HAUGHWOUT AVENUE,HAUGHWOUT AVENUE,DRYDEN CT,CORTLANDT ST,ADDRESS,STATEN ISLAND,Open,,,01 STATEN ISLAND,5010390001,STATEN ISLAND,947083,168217,ONLINE,Unspecified,STATEN ISLAND,40.62831536672602,-74.1338970815553,"{'latitude': '40.62831536672602', 'longitude': '-74.1338970815553', 'human_address': '{""address"": """", ""city"": """", ""state"": """", ""zip"": """"}'}",,,,
51159516,2021-07-09T16:07:00.000,,DEP,Department of Environmental Protection,Sewer,Street Flooding (SJ),11212,,,,,INTERSECTION,BROOKLYN,Open,,,16 BROOKLYN,,BROOKLYN,1007890,182100,ONLINE,Unspecified,BROOKLYN,40.666467605597454,-73.91478632151681,"{'latitude': '40.666467605597454', 'longitude': '-73.91478632151681', 'human_address': '{""address"": """", ""city"": """", ""state"": """", ""zip"": """"}'}",HERZL STREET,SUTTER AVENUE,,
51135033,2021-07-07T14:04:00.000,,DEP,Department of Environmental Protection,Sewer,Street Flooding (SJ),11236,1037 EAST   80 STREET,EAST   80 STREET,PAERDEGAT 2 ST,PAERDEGAT 3 ST,ADDRESS,BROOKLYN,Open,,,18 BROOKLYN,3080320026,BROOKLYN,1009048,169970,PHONE,Unspecified,BROOKLYN,40.63317023851095,-73.91065674756143,"{'latitude': '40.63317023851095', 'longitude': '-73.91065674756143', 'human_address': '{""address"": """", ""city"": """", ""state"": """", ""zip"": """"}'}",,,,
51136754,2021-07-07T10:45:00.000,,DEP,Department of Environmental Protection,Sewer,Street Flooding (SJ),10314,255 AUBURN AVENUE,AUBURN AVENUE,CAMBRIDGE AVE,DEAD END,ADDRESS,STATEN ISLAND,Open,,,01 STATEN ISLAND,5015070001,STATEN ISLAND,942467,162531,ONLINE,Unspecified,STATEN ISLAND,40.61268793492727,-74.15049136697777,"{'latitude': '40.61268793492727', 'longitude': '-74.15049136697777', 'human_address': '{""address"": """", ""city"": """", ""state"": """", ""zip"": """"}'}",,,,
51162107,2021-07-10T11:45:00.000,,DEP,Department of Environmental Protection,Sewer,Street Flooding (SJ),10314,71 SIDEVIEW AVENUE,SIDEVIEW AVENUE,ARLENE ST,SPEEDWELL AVE,ADDRESS,STATEN ISLAND,Open,,,02 STATEN ISLAND,5022300027,STATEN ISLAND,937809,160523,PHONE,Unspecified,STATEN ISLAND,40.60715320799636,-74.1672544090614,"{'latitude': '40.60715320799636', 'longitude': '-74.1672544090614', 'human_address': '{""address"": """", ""city"": """", ""state"": """", ""zip"": """"}'}",,,,
51162753,2021-07-10T09:54:00.000,2021-07-10T10:13:00.000,DEP,Department of Environmental Protection,Sewer,Street Flooding (SJ),11419,104-26 118 STREET,118 STREET,LIBERTY AVE,107 AVE,ADDRESS,South Richmond Hill,Closed,"The Department of Environmental Protection has determined that this issue was previously reported by another customer The original complaint is being addressed. If the condition persists, please call 311 (or 212-639-9675 if calling from a non-New York City area code) to submit a new complaint.",2021-07-10T10:13:00.000,10 QUEENS,4095710018,QUEENS,1032808,189153,PHONE,Unspecified,QUEENS,40.685724863233084,-73.8249152763764,"{'latitude': '40.685724863233084', 'longitude': '-73.8249152763764', 'human_address': '{""address"": """", ""city"": """", ""state"": """", ""zip"": """"}'}",,,,
51168613,2021-07-10T11:23:00.000,,DEP,Department of Environmental Protection,Sewer,Street Flooding (SJ),10301,15 PORTLAND PLACE,PORTLAND PLACE,BEND,STANLEY AVE,ADDRESS,STATEN ISLAND,Open,,,01 STATEN ISLAND,5001190007,STATEN ISLAND,958241,170118,ONLINE,Unspecified,STATEN ISLAND,40.63357299392289,-74.0937068601137,"{'latitude': '40.63357299392289', 'longitude': '-74.0937068601137', 'human_address': '{""address"": """", ""city"": """", ""state"": """", ""zip"": """"}'}",,,,
51166195,2021-07-10T06:52:00.000,,DEP,Department of Environmental Protection,Sewer,Street Flooding (SJ),10301,1100 CLOVE ROAD,CLOVE ROAD,SILVER LAKE PARK BNDY,PARK DR,ADDRESS,STATEN ISLAND,Open,,,01 STATEN ISLAND,5003270060,STATEN ISLAND,954678,164874,PHONE,Unspecified,STATEN ISLAND,40.61916814748877,-74.1065208736386,"{'latitude': '40.61916814748877', 'longitude': '-74.1065208736386', 'human_address': '{""address"": """", ""city"": """", ""state"": """", ""zip"": """"}'}",,,,
51164062,2021-07-10T08:13:00.000,,DEP,Department of Environmental Protection,Sewer,Street Flooding (SJ),10314,537 BUCHANAN AVENUE,BUCHANAN AVENUE,WILLOWBROOK RD,HAROLD ST,ADDRESS,STATEN ISLAND,Open,,,02 STATEN ISLAND,5008220070,STATEN ISLAND,947242,158806,ONLINE,Unspecified,STATEN ISLAND,40.602484814305846,-74.1332726900648,"{'latitude': '40.602484814305846', 'longitude': '-74.1332726900648', 'human_address': '{""address"": """", ""city"": """", ""state"": """", ""zip"": """"}'}",,,,
51163411,2021-07-10T10:26:00.000,,DEP,Department of Environmental Protection,Sewer,Street Flooding (SJ),11004,82-44 262 STREET,262 STREET,82 AVE,83 AVE,ADDRESS,Glen Oaks,Open,,,13 QUEENS,4087550062,QUEENS,1065276,209241,PHONE,Unspecified,QUEENS,40.740623653832955,-73.70760490665509,"{'latitude': '40.740623653832955', 'longitude': '-73.70760490665509', 'human_address': '{""address"": """", ""city"": """", ""state"": """", ""zip"": """"}'}",,,,
51166734,2021-07-10T15:12:00.000,,DEP,Department of Environmental Protection,Sewer,Street Flooding (SJ),11413,,,,,INTERSECTION,Springfield Gardens,Open,,,13 QUEENS,,QUEENS,1053257,178273,ONLINE,Unspecified,QUEENS,40.655726010666484,-73.75129439646692,"{'latitude': '40.655726010666484', 'longitude': '-73.75129439646692', 'human_address': '{""address"": """", ""city"": """", ""state"": """", ""zip"": """"}'}",148 AVENUE,231 STREET,,
51168585,2021-07-10T08:35:00.000,,DEP,Department of Environmental Protection,Sewer,Street Flooding (SJ),10002,,,,,INTERSECTION,NEW YORK,Open,,,03 MANHATTAN,,MANHATTAN,987443,198958,PHONE,Unspecified,MANHATTAN,40.712769920203165,-73.98848239254335,"{'latitude': '40.712769920203165', 'longitude': '-73.98848239254335', 'human_address': '{""address"": """", ""city"": """", ""state"": """", ""zip"": """"}'}",JEFFERSON STREET,MADISON STREET,,
51166735,2021-07-10T09:06:00.000,,DEP,Department of Environmental Protection,Sewer,Street Flooding (SJ),10314,118 AUBURN AVENUE,AUBURN AVENUE,BRYSON AVE,STEWART AVE,ADDRESS,STATEN ISLAND,Open,,,01 STATEN ISLAND,5004850029,STATEN ISLAND,943811,162242,ONLINE,Unspecified,STATEN ISLAND,40.61190092630226,-74.14564891112677,"{'latitude': '40.61190092630226', 'longitude': '-74.14564891112677', 'human_address': '{""address"": """", ""city"": """", ""state"": """", ""zip"": """"}'}",,,,
51169917,2021-07-10T13:40:00.000,,DEP,Department of Environmental Protection,Sewer,Street Flooding (SJ),10314,240 QUEEN STREET,QUEEN STREET,LIVINGSTON AVE,GRAVES ST,ADDRESS,STATEN ISLAND,Open,,,02 STATEN ISLAND,5008120016,STATEN ISLAND,948327,158895,ONLINE,Unspecified,STATEN ISLAND,40.60273356548728,-74.12936588239418,"{'latitude': '40.60273356548728', 'longitude': '-74.12936588239418', 'human_address': '{""address"": """", ""city"": """", ""state"": """", ""zip"": """"}'}",,,,
51169206,2021-07-10T15:55:00.000,2021-07-10T15:55:00.000,DEP,Department of Environmental Protection,Sewer,Street Flooding (SJ),10454,,,,,INTERSECTION,BRONX,Closed,The Department of Environmental Protection determined that this complaint is a duplicate of a previously filed complaint. The original complaint is being addressed.,2021-07-10T15:55:00.000,01 BRONX,,BRONX,1003890,233799,ONLINE,Unspecified,BRONX,40.80837826262063,-73.92905394054105,"{'latitude': '40.80837826262063', 'longitude': '-73.92905394054105', 'human_address': '{""address"": """", ""city"": """", ""state"": """", ""zip"": """"}'}",EAST 134 STREET,LINCOLN AVENUE,,
51164961,2021-07-10T21:02:00.000,,DEP,Department of Environmental Protection,Sewer,Street Flooding (SJ),11429,212 PLACE,212 PLACE,104 ROAD,HOLLIS AVENUE,BLOCKFACE,Queens Village,Open,,,13 QUEENS,,QUEENS,1054852,198170,PHONE,Unspecified,QUEENS,40.710325936809134,-73.7453374725759,"{'latitude': '40.710325936809134', 'longitude': '-73.7453374725759', 'human_address': '{""address"": """", ""city"": """", ""state"": """", ""zip"": """"}'}",,,,
51159981,2021-07-09T07:03:00.000,2021-07-09T07:50:00.000,DEP,Department of Environmental Protection,Sewer,Street Flooding (SJ),10464,1 ORCHARD BEACH ROAD,ORCHARD BEACH ROAD,BEND,BEND,ADDRESS,BRONX,Closed,"The Department of Environmental Protection has determined that this issue was previously reported by another customer The original complaint is being addressed. If the condition persists, please call 311 (or 212-639-9675 if calling from a non-New York City area code) to submit a new complaint.",2021-07-09T07:50:00.000,28 BRONX,2056500001,BRONX,1038783,254540,ONLINE,Unspecified,BRONX,40.865159684661975,-73.80284074686512,"{'latitude': '40.865159684661975', 'longitude': '-73.80284074686512', 'human_address': '{""address"": """", ""city"": """", ""state"": """", ""zip"": """"}'}",,,,
51159987,2021-07-09T10:53:00.000,2021-07-09T11:00:00.000,DEP,Department of Environmental Protection,Sewer,Street Flooding (SJ),11236,10121 SEAVIEW AVENUE,SEAVIEW AVENUE,E 101 ST,E 102 ST,ADDRESS,BROOKLYN,Closed,"The Department of Environmental Protection has determined that this issue was previously reported by another customer The original complaint is being addressed. If the condition persists, please call 311 (or 212-639-9675 if calling from a non-New York City area code) to submit a new complaint.",2021-07-09T11:00:00.000,18 BROOKLYN,3083040001,BROOKLYN,1015766,170978,ONLINE,Unspecified,BROOKLYN,40.63591562756507,-73.88644817788553,"{'latitude': '40.63591562756507', 'longitude': '-73.88644817788553', 'human_address': '{""address"": """", ""city"": """", ""state"": """", ""zip"": """"}'}",,,,
51159989,2021-07-09T22:52:00.000,,DEP,Department of Environmental Protection,Sewer,Street Flooding (SJ),10314,51 KEATING PLACE,KEATING PLACE,ROCKLAND AVE,GLENN RD,ADDRESS,STATEN ISLAND,Open,,,02 STATEN ISLAND,5020050166,STATEN ISLAND,941287,155453,PHONE,Unspecified,STATEN ISLAND,40.59325465227164,-74.15469638697358,"{'latitude': '40.59325465227164', 'longitude': '-74.15469638697358', 'human_address': '{""address"": """", ""city"": """", ""state"": """", ""zip"": """"}'}",,,,
51159991,2021-07-09T17:11:00.000,,DEP,Department of Environmental Protection,Sewer,Street Flooding (SJ),10457,718 GARDEN STREET,GARDEN STREET,CROTONA AVE,PROSPECT AVE,ADDRESS,BRONX,Open,,,06 BRONX,2030990124,BRONX,1015982,249172,ONLINE,Unspecified,BRONX,40.85053755498778,-73.88530103583568,"{'latitude': '40.85053755498778', 'longitude': '-73.88530103583568', 'human_address': '{""address"": """", ""city"": """", ""state"": """", ""zip"": """"}'}",,,,
